language,article,date,views
en,bitcoin,1/10/2013,6681
en,bitcoin,2/10/2013,20607
en,bitcoin,3/10/2013,51817
en,bitcoin,4/10/2013,27459
en,bitcoin,5/10/2013,16344
en,bitcoin,6/10/2013,12305
en,bitcoin,7/10/2013,15380
en,bitcoin,8/10/2013,14054
en,bitcoin,9/10/2013,13616
en,bitcoin,10/10/2013,10840
en,bitcoin,11/10/2013,8401
en,bitcoin,12/10/2013,6008
en,bitcoin,13/10/2013,6097
en,bitcoin,14/10/2013,7880
en,bitcoin,15/10/2013,9210
en,bitcoin,16/10/2013,9275
en,bitcoin,17/10/2013,8351
en,bitcoin,18/10/2013,9657
en,bitcoin,19/10/2013,6399
en,bitcoin,20/10/2013,6534
en,bitcoin,21/10/2013,8267
en,bitcoin,22/10/2013,9235
en,bitcoin,23/10/2013,11364
en,bitcoin,24/10/2013,0
en,bitcoin,25/10/2013,11391
en,bitcoin,26/10/2013,16094
en,bitcoin,27/10/2013,18528
en,bitcoin,28/10/2013,19125
en,bitcoin,29/10/2013,43895
en,bitcoin,30/10/2013,77608
en,bitcoin,31/10/2013,115224
en,bitcoin,1/11/2013,28606
en,bitcoin,2/11/2013,19619
en,bitcoin,3/11/2013,16334
en,bitcoin,4/11/2013,26800
en,bitcoin,5/11/2013,28895
en,bitcoin,6/11/2013,32477
en,bitcoin,7/11/2013,27579
en,bitcoin,8/11/2013,27197
en,bitcoin,9/11/2013,26153
en,bitcoin,10/11/2013,22777
en,bitcoin,11/11/2013,22879
en,bitcoin,12/11/2013,26782
en,bitcoin,13/11/2013,28443
en,bitcoin,14/11/2013,31263
en,bitcoin,15/11/2013,34580
en,bitcoin,16/11/2013,25547
en,bitcoin,17/11/2013,22879
en,bitcoin,18/11/2013,69504
en,bitcoin,19/11/2013,109817
en,bitcoin,20/11/2013,70783
en,bitcoin,21/11/2013,62246
en,bitcoin,22/11/2013,61215
en,bitcoin,23/11/2013,37613
en,bitcoin,24/11/2013,33839
en,bitcoin,25/11/2013,38602
en,bitcoin,26/11/2013,43793
en,bitcoin,27/11/2013,73404
en,bitcoin,28/11/2013,130181
en,bitcoin,29/11/2013,112777
en,bitcoin,30/11/2013,85373
en,bitcoin,1/12/2013,51126
en,bitcoin,2/12/2013,77393
en,bitcoin,3/12/2013,76157
en,bitcoin,4/12/2013,60002
en,bitcoin,5/12/2013,93258
en,bitcoin,6/12/2013,95002
en,bitcoin,7/12/2013,0
en,bitcoin,8/12/2013,46558
en,bitcoin,9/12/2013,56352
en,bitcoin,10/12/2013,57509
en,bitcoin,11/12/2013,57718
en,bitcoin,12/12/2013,48759
en,bitcoin,13/12/2013,47803
en,bitcoin,14/12/2013,40134
en,bitcoin,15/12/2013,45830
en,bitcoin,16/12/2013,53120
en,bitcoin,17/12/2013,47409
en,bitcoin,18/12/2013,74404
en,bitcoin,19/12/2013,55139
en,bitcoin,20/12/2013,38519
en,bitcoin,21/12/2013,30743
en,bitcoin,22/12/2013,0
en,bitcoin,23/12/2013,41961
en,bitcoin,24/12/2013,35994
en,bitcoin,25/12/2013,29815
en,bitcoin,26/12/2013,32744
en,bitcoin,27/12/2013,36558
en,bitcoin,28/12/2013,29141
en,bitcoin,29/12/2013,29143
en,bitcoin,30/12/2013,31518
en,bitcoin,31/12/2013,27552
en,bitcoin,1/1/2014,23920
en,bitcoin,2/1/2014,28769
en,bitcoin,3/1/2014,30480
en,bitcoin,4/1/2014,23575
en,bitcoin,5/1/2014,4842
en,bitcoin,6/1/2014,16190
en,bitcoin,7/1/2014,39818
en,bitcoin,8/1/2014,41184
en,bitcoin,9/1/2014,88174
en,bitcoin,10/1/2014,41792
en,bitcoin,11/1/2014,27669
en,bitcoin,12/1/2014,27808
en,bitcoin,13/1/2014,34655
en,bitcoin,14/1/2014,78174
en,bitcoin,15/1/2014,83586
en,bitcoin,16/1/2014,49291
en,bitcoin,17/1/2014,52817
en,bitcoin,18/1/2014,56058
en,bitcoin,19/1/2014,25532
en,bitcoin,20/1/2014,70268
en,bitcoin,21/1/2014,47656
en,bitcoin,22/1/2014,53468
en,bitcoin,23/1/2014,40808
en,bitcoin,24/1/2014,36119
en,bitcoin,25/1/2014,23499
en,bitcoin,26/1/2014,26123
en,bitcoin,27/1/2014,53134
en,bitcoin,28/1/2014,57478
en,bitcoin,29/1/2014,42170
en,bitcoin,30/1/2014,35886
en,bitcoin,31/1/2014,29479
en,bitcoin,1/2/2014,28212
en,bitcoin,2/2/2014,25330
en,bitcoin,3/2/2014,30030
en,bitcoin,4/2/2014,46787
en,bitcoin,5/2/2014,33076
en,bitcoin,6/2/2014,33366
en,bitcoin,7/2/2014,42980
en,bitcoin,8/2/2014,30997
en,bitcoin,9/2/2014,31553
en,bitcoin,10/2/2014,44966
en,bitcoin,11/2/2014,37538
en,bitcoin,12/2/2014,29049
en,bitcoin,13/2/2014,25940
en,bitcoin,14/2/2014,28406
en,bitcoin,15/2/2014,18418
en,bitcoin,16/2/2014,20851
en,bitcoin,17/2/2014,23509
en,bitcoin,18/2/2014,33351
en,bitcoin,19/2/2014,34429
en,bitcoin,20/2/2014,34802
en,bitcoin,21/2/2014,24229
en,bitcoin,22/2/2014,18493
en,bitcoin,23/2/2014,16118
en,bitcoin,24/2/2014,20927
en,bitcoin,25/2/2014,92036
en,bitcoin,26/2/2014,66480
en,bitcoin,27/2/2014,43424
en,bitcoin,28/2/2014,67265
en,bitcoin,1/3/2014,46656
en,bitcoin,2/3/2014,29730
en,bitcoin,3/3/2014,32606
en,bitcoin,4/3/2014,33148
en,bitcoin,5/3/2014,47783
en,bitcoin,6/3/2014,90006
en,bitcoin,7/3/2014,117065
en,bitcoin,8/3/2014,39655
en,bitcoin,9/3/2014,26141
en,bitcoin,10/3/2014,31624
en,bitcoin,11/3/2014,29032
en,bitcoin,12/3/2014,27645
en,bitcoin,13/3/2014,24841
en,bitcoin,14/3/2014,20255
en,bitcoin,15/3/2014,13506
en,bitcoin,16/3/2014,12589
en,bitcoin,17/3/2014,19148
en,bitcoin,18/3/2014,19369
en,bitcoin,19/3/2014,17294
en,bitcoin,20/3/2014,21626
en,bitcoin,21/3/2014,36263
en,bitcoin,22/3/2014,19407
en,bitcoin,23/3/2014,15593
en,bitcoin,24/3/2014,17249
en,bitcoin,25/3/2014,20791
en,bitcoin,26/3/2014,27448
en,bitcoin,27/3/2014,19570
en,bitcoin,28/3/2014,16530
en,bitcoin,29/3/2014,11215
en,bitcoin,30/3/2014,11798
en,bitcoin,31/3/2014,19679
en,bitcoin,1/4/2014,16551
en,bitcoin,2/4/2014,18444
en,bitcoin,3/4/2014,22610
en,bitcoin,4/4/2014,20740
en,bitcoin,5/4/2014,12701
en,bitcoin,6/4/2014,8991
en,bitcoin,7/4/2014,12122
en,bitcoin,8/4/2014,12747
en,bitcoin,9/4/2014,16949
en,bitcoin,10/4/2014,14318
en,bitcoin,11/4/2014,12685
en,bitcoin,12/4/2014,8991
en,bitcoin,13/4/2014,9531
en,bitcoin,14/4/2014,19032
en,bitcoin,15/4/2014,12560
en,bitcoin,16/4/2014,16738
en,bitcoin,17/4/2014,15377
en,bitcoin,18/4/2014,9682
en,bitcoin,19/4/2014,9401
en,bitcoin,20/4/2014,7476
en,bitcoin,21/4/2014,10548
en,bitcoin,22/4/2014,11752
en,bitcoin,23/4/2014,10895
en,bitcoin,24/4/2014,10412
en,bitcoin,25/4/2014,11919
en,bitcoin,26/4/2014,7220
en,bitcoin,27/4/2014,8864
en,bitcoin,28/4/2014,12661
en,bitcoin,29/4/2014,10985
en,bitcoin,30/4/2014,14574
en,bitcoin,1/5/2014,11423
en,bitcoin,2/5/2014,8729
en,bitcoin,3/5/2014,5872
en,bitcoin,4/5/2014,6501
en,bitcoin,5/5/2014,12079
en,bitcoin,6/5/2014,9582
en,bitcoin,7/5/2014,9539
en,bitcoin,8/5/2014,9254
en,bitcoin,9/5/2014,11354
en,bitcoin,10/5/2014,7988
en,bitcoin,11/5/2014,7519
en,bitcoin,12/5/2014,8629
en,bitcoin,13/5/2014,9361
en,bitcoin,14/5/2014,9304
en,bitcoin,15/5/2014,8948
en,bitcoin,16/5/2014,7618
en,bitcoin,17/5/2014,5796
en,bitcoin,18/5/2014,5962
en,bitcoin,19/5/2014,8089
en,bitcoin,20/5/2014,12913
en,bitcoin,21/5/2014,9835
en,bitcoin,22/5/2014,9042
en,bitcoin,23/5/2014,7501
en,bitcoin,24/5/2014,5505
en,bitcoin,25/5/2014,6019
en,bitcoin,26/5/2014,8083
en,bitcoin,27/5/2014,9932
en,bitcoin,28/5/2014,10016
en,bitcoin,29/5/2014,11368
en,bitcoin,30/5/2014,9588
en,bitcoin,31/5/2014,6171
en,bitcoin,1/6/2014,6070
en,bitcoin,2/6/2014,9238
en,bitcoin,3/6/2014,12268
en,bitcoin,4/6/2014,11192
en,bitcoin,5/6/2014,10065
en,bitcoin,6/6/2014,7973
en,bitcoin,7/6/2014,6481
en,bitcoin,8/6/2014,7127
en,bitcoin,9/6/2014,9093
en,bitcoin,10/6/2014,10127
en,bitcoin,11/6/2014,9738
en,bitcoin,12/6/2014,14201
en,bitcoin,13/6/2014,17856
en,bitcoin,14/6/2014,7551
en,bitcoin,15/6/2014,8052
en,bitcoin,16/6/2014,13659
en,bitcoin,17/6/2014,14437
en,bitcoin,18/6/2014,13661
en,bitcoin,19/6/2014,12077
en,bitcoin,20/6/2014,9552
en,bitcoin,21/6/2014,5279
en,bitcoin,22/6/2014,5176
en,bitcoin,23/6/2014,6912
en,bitcoin,24/6/2014,7106
en,bitcoin,25/6/2014,6986
en,bitcoin,26/6/2014,6347
en,bitcoin,27/6/2014,12225
en,bitcoin,28/6/2014,9892
en,bitcoin,29/6/2014,5872
en,bitcoin,30/6/2014,9141
en,bitcoin,1/7/2014,7727
en,bitcoin,2/7/2014,10161
en,bitcoin,3/7/2014,8602
en,bitcoin,4/7/2014,6706
en,bitcoin,5/7/2014,5180
en,bitcoin,6/7/2014,4960
en,bitcoin,7/7/2014,8044
en,bitcoin,8/7/2014,0
en,bitcoin,9/7/2014,0
en,bitcoin,10/7/2014,0
en,bitcoin,11/7/2014,0
en,bitcoin,12/7/2014,0
en,bitcoin,13/7/2014,0
en,bitcoin,14/7/2014,0
en,bitcoin,15/7/2014,0
en,bitcoin,16/7/2014,0
en,bitcoin,17/7/2014,0
en,bitcoin,18/7/2014,0
en,bitcoin,19/7/2014,0
en,bitcoin,20/7/2014,0
en,bitcoin,21/7/2014,0
en,bitcoin,22/7/2014,0
en,bitcoin,23/7/2014,0
en,bitcoin,24/7/2014,0
en,bitcoin,25/7/2014,0
en,bitcoin,26/7/2014,0
en,bitcoin,27/7/2014,0
en,bitcoin,28/7/2014,0
en,bitcoin,29/7/2014,0
en,bitcoin,30/7/2014,0
en,bitcoin,31/7/2014,0
en,bitcoin,1/8/2014,0
en,bitcoin,2/8/2014,0
en,bitcoin,3/8/2014,0
en,bitcoin,4/8/2014,0
en,bitcoin,5/8/2014,0
en,bitcoin,6/8/2014,0
en,bitcoin,7/8/2014,0
en,bitcoin,8/8/2014,0
en,bitcoin,9/8/2014,0
en,bitcoin,10/8/2014,0
en,bitcoin,11/8/2014,0
en,bitcoin,12/8/2014,0
en,bitcoin,13/8/2014,0
en,bitcoin,14/8/2014,0
en,bitcoin,15/8/2014,0
en,bitcoin,16/8/2014,0
en,bitcoin,17/8/2014,0
en,bitcoin,18/8/2014,0
en,bitcoin,19/8/2014,0
en,bitcoin,20/8/2014,8414
en,bitcoin,21/8/2014,0
en,bitcoin,22/8/2014,7224
en,bitcoin,23/8/2014,0
en,bitcoin,24/8/2014,5142
en,bitcoin,25/8/2014,0
en,bitcoin,26/8/2014,0
en,bitcoin,27/8/2014,0
en,bitcoin,28/8/2014,0
en,bitcoin,29/8/2014,6783
en,bitcoin,30/8/2014,5505
en,bitcoin,31/8/2014,6397
en,bitcoin,1/9/2014,0
en,bitcoin,2/9/2014,0
en,bitcoin,3/9/2014,0
en,bitcoin,4/9/2014,10470
en,bitcoin,5/9/2014,10110
en,bitcoin,6/9/2014,5957
en,bitcoin,7/9/2014,5357
en,bitcoin,8/9/2014,0
en,bitcoin,9/9/2014,8813
en,bitcoin,10/9/2014,9278
en,bitcoin,11/9/2014,10000
en,bitcoin,12/9/2014,9027
en,bitcoin,13/9/2014,0
en,bitcoin,14/9/2014,5940
en,bitcoin,15/9/2014,0
en,bitcoin,16/9/2014,7937
en,bitcoin,17/9/2014,7758
en,bitcoin,18/9/2014,0
en,bitcoin,19/9/2014,6579
en,bitcoin,20/9/2014,5121
en,bitcoin,21/9/2014,6037
en,bitcoin,22/9/2014,7366
en,bitcoin,23/9/2014,0
en,bitcoin,24/9/2014,9993
en,bitcoin,25/9/2014,0
en,bitcoin,26/9/2014,0
en,bitcoin,27/9/2014,0
en,bitcoin,28/9/2014,4977
en,bitcoin,29/9/2014,7530
en,bitcoin,30/9/2014,7643
en,bitcoin,1/10/2014,7696
en,bitcoin,2/10/2014,7323
en,bitcoin,3/10/2014,6635
en,bitcoin,4/10/2014,5098
en,bitcoin,5/10/2014,5651
en,bitcoin,6/10/2014,8656
en,bitcoin,7/10/2014,0
en,bitcoin,8/10/2014,0
en,bitcoin,9/10/2014,7535
en,bitcoin,10/10/2014,6698
en,bitcoin,11/10/2014,0
en,bitcoin,12/10/2014,5184
en,bitcoin,13/10/2014,8301
en,bitcoin,14/10/2014,0
en,bitcoin,15/10/2014,7667
en,bitcoin,16/10/2014,6187
en,bitcoin,17/10/2014,0
en,bitcoin,18/10/2014,4346
en,bitcoin,19/10/2014,4417
en,bitcoin,20/10/2014,5783
en,bitcoin,21/10/2014,5633
en,bitcoin,22/10/2014,5628
en,bitcoin,23/10/2014,0
en,bitcoin,24/10/2014,4689
en,bitcoin,25/10/2014,3681
en,bitcoin,26/10/2014,4019
en,bitcoin,27/10/2014,5347
en,bitcoin,28/10/2014,5664
en,bitcoin,29/10/2014,5629
en,bitcoin,30/10/2014,5302
en,bitcoin,31/10/2014,4995
en,bitcoin,1/11/2014,4333
en,bitcoin,2/11/2014,5614
en,bitcoin,3/11/2014,6434
en,bitcoin,4/11/2014,6578
en,bitcoin,5/11/2014,6613
en,bitcoin,6/11/2014,0
en,bitcoin,7/11/2014,7381
en,bitcoin,8/11/2014,4984
en,bitcoin,9/11/2014,5006
en,bitcoin,10/11/2014,6916
en,bitcoin,11/11/2014,0
en,bitcoin,12/11/2014,7097
en,bitcoin,13/11/2014,0
en,bitcoin,14/11/2014,6897
en,bitcoin,15/11/2014,4606
en,bitcoin,16/11/2014,4804
en,bitcoin,17/11/2014,6911
en,bitcoin,18/11/2014,7435
en,bitcoin,19/11/2014,6438
en,bitcoin,20/11/2014,0
en,bitcoin,21/11/2014,0
en,bitcoin,22/11/2014,3891
en,bitcoin,23/11/2014,62461
en,bitcoin,24/11/2014,5383
en,bitcoin,25/11/2014,5426
en,bitcoin,26/11/2014,5696
en,bitcoin,27/11/2014,2
en,bitcoin,28/11/2014,4628
en,bitcoin,29/11/2014,3859
en,bitcoin,30/11/2014,3647
en,bitcoin,1/12/2014,6251
en,bitcoin,2/12/2014,0
en,bitcoin,3/12/2014,6536
en,bitcoin,4/12/2014,0
en,bitcoin,5/12/2014,0
en,bitcoin,6/12/2014,0
en,bitcoin,7/12/2014,4392
en,bitcoin,8/12/2014,0
en,bitcoin,9/12/2014,0
en,bitcoin,10/12/2014,0
en,bitcoin,11/12/2014,9176
en,bitcoin,12/12/2014,0
en,bitcoin,13/12/2014,4254
en,bitcoin,14/12/2014,0
en,bitcoin,15/12/2014,5933
en,bitcoin,16/12/2014,0
en,bitcoin,17/12/2014,6676
en,bitcoin,18/12/2014,5760
en,bitcoin,19/12/2014,5093
en,bitcoin,20/12/2014,0
en,bitcoin,21/12/2014,3787
en,bitcoin,22/12/2014,5339
en,bitcoin,23/12/2014,4942
en,bitcoin,24/12/2014,4063
en,bitcoin,25/12/2014,0
en,bitcoin,26/12/2014,0
en,bitcoin,27/12/2014,10370
en,bitcoin,28/12/2014,5907
en,bitcoin,29/12/2014,10148
en,bitcoin,30/12/2014,6535
en,bitcoin,31/12/2014,5458
en,bitcoin,1/1/2015,4261
en,bitcoin,2/1/2015,5441
en,bitcoin,3/1/2015,4901
en,bitcoin,4/1/2015,5300
en,bitcoin,5/1/2015,7003
en,bitcoin,6/1/2015,8793
en,bitcoin,7/1/2015,7434
en,bitcoin,8/1/2015,7637
en,bitcoin,9/1/2015,6254
en,bitcoin,10/1/2015,5167
en,bitcoin,11/1/2015,4563
en,bitcoin,12/1/2015,6173
en,bitcoin,13/1/2015,7133
en,bitcoin,14/1/2015,7591
en,bitcoin,15/1/2015,9859
en,bitcoin,16/1/2015,0
en,bitcoin,17/1/2015,4194
en,bitcoin,18/1/2015,4307
en,bitcoin,19/1/2015,6212
en,bitcoin,20/1/2015,5589
en,bitcoin,21/1/2015,6724
en,bitcoin,22/1/2015,6607
en,bitcoin,23/1/2015,6493
en,bitcoin,24/1/2015,4020
en,bitcoin,25/1/2015,4025
en,bitcoin,26/1/2015,7066
en,bitcoin,27/1/2015,6908
en,bitcoin,28/1/2015,6791
en,bitcoin,29/1/2015,5667
en,bitcoin,30/1/2015,4855
en,bitcoin,31/1/2015,4204
en,bitcoin,1/2/2015,3726
en,bitcoin,2/2/2015,4533
en,bitcoin,3/2/2015,5494
en,bitcoin,4/2/2015,5931
en,bitcoin,5/2/2015,6687
en,bitcoin,6/2/2015,6056
en,bitcoin,7/2/2015,6215
en,bitcoin,8/2/2015,6284
en,bitcoin,9/2/2015,8004
en,bitcoin,10/2/2015,8153
en,bitcoin,11/2/2015,8056
en,bitcoin,12/2/2015,6758
en,bitcoin,13/2/2015,5718
en,bitcoin,14/2/2015,7512
en,bitcoin,15/2/2015,6069
en,bitcoin,16/2/2015,5733
en,bitcoin,17/2/2015,5855
en,bitcoin,18/2/2015,5823
en,bitcoin,19/2/2015,6938
en,bitcoin,20/2/2015,9440
en,bitcoin,21/2/2015,4718
en,bitcoin,22/2/2015,4512
en,bitcoin,23/2/2015,6244
en,bitcoin,24/2/2015,5805
en,bitcoin,25/2/2015,5614
en,bitcoin,26/2/2015,5721
en,bitcoin,27/2/2015,5240
en,bitcoin,28/2/2015,4157
en,bitcoin,1/3/2015,5851
en,bitcoin,2/3/2015,5666
en,bitcoin,3/3/2015,5532
en,bitcoin,4/3/2015,6205
en,bitcoin,5/3/2015,5585
en,bitcoin,6/3/2015,6360
en,bitcoin,7/3/2015,704689
en,bitcoin,8/3/2015,923491
en,bitcoin,9/3/2015,199312
en,bitcoin,10/3/2015,47928
en,bitcoin,11/3/2015,115845
en,bitcoin,12/3/2015,29588
en,bitcoin,13/3/2015,6960
en,bitcoin,14/3/2015,7349
en,bitcoin,15/3/2015,6154
en,bitcoin,16/3/2015,66901
en,bitcoin,17/3/2015,19438
en,bitcoin,18/3/2015,34539
en,bitcoin,19/3/2015,27356
en,bitcoin,20/3/2015,12683
en,bitcoin,21/3/2015,6484
en,bitcoin,22/3/2015,4291
en,bitcoin,23/3/2015,5530
en,bitcoin,24/3/2015,7504
en,bitcoin,25/3/2015,6234
en,bitcoin,26/3/2015,6892
en,bitcoin,27/3/2015,5378
en,bitcoin,28/3/2015,3636
en,bitcoin,29/3/2015,3786
en,bitcoin,30/3/2015,7223
en,bitcoin,31/3/2015,7775
en,bitcoin,1/4/2015,7271
en,bitcoin,2/4/2015,6530
en,bitcoin,3/4/2015,5819
en,bitcoin,4/4/2015,5306
en,bitcoin,5/4/2015,3819
en,bitcoin,6/4/2015,4878
en,bitcoin,7/4/2015,5793
en,bitcoin,8/4/2015,5563
en,bitcoin,9/4/2015,5899
en,bitcoin,10/4/2015,4909
en,bitcoin,11/4/2015,3663
en,bitcoin,12/4/2015,3603
en,bitcoin,13/4/2015,5343
en,bitcoin,14/4/2015,5854
en,bitcoin,15/4/2015,4958
en,bitcoin,16/4/2015,5420
en,bitcoin,17/4/2015,6209
en,bitcoin,18/4/2015,5359
en,bitcoin,19/4/2015,5272
en,bitcoin,20/4/2015,7455
en,bitcoin,21/4/2015,7489
en,bitcoin,22/4/2015,8240
en,bitcoin,23/4/2015,9344
en,bitcoin,24/4/2015,7741
en,bitcoin,25/4/2015,6149
en,bitcoin,26/4/2015,10240
en,bitcoin,27/4/2015,8081
en,bitcoin,28/4/2015,11120
en,bitcoin,29/4/2015,5890
en,bitcoin,30/4/2015,7130
en,bitcoin,1/5/2015,6236
en,bitcoin,2/5/2015,4888
en,bitcoin,3/5/2015,4894
en,bitcoin,4/5/2015,5144
en,bitcoin,5/5/2015,6057
en,bitcoin,6/5/2015,6118
en,bitcoin,7/5/2015,6234
en,bitcoin,8/5/2015,5987
en,bitcoin,9/5/2015,0
en,bitcoin,10/5/2015,7165
en,bitcoin,11/5/2015,7260
en,bitcoin,12/5/2015,6972
en,bitcoin,13/5/2015,6304
en,bitcoin,14/5/2015,8479
en,bitcoin,15/5/2015,6351
en,bitcoin,16/5/2015,7086
en,bitcoin,17/5/2015,5118
en,bitcoin,18/5/2015,6502
en,bitcoin,19/5/2015,9025
en,bitcoin,20/5/2015,9053
en,bitcoin,21/5/2015,7536
en,bitcoin,22/5/2015,6533
en,bitcoin,23/5/2015,4087
en,bitcoin,24/5/2015,4967
en,bitcoin,25/5/2015,5754
en,bitcoin,26/5/2015,6510
en,bitcoin,27/5/2015,7406
en,bitcoin,28/5/2015,6632
en,bitcoin,29/5/2015,7131
en,bitcoin,30/5/2015,8364
en,bitcoin,31/5/2015,5417
en,bitcoin,1/6/2015,6410
en,bitcoin,2/6/2015,7082
en,bitcoin,3/6/2015,6062
en,bitcoin,4/6/2015,6666
en,bitcoin,5/6/2015,5635
en,bitcoin,6/6/2015,4576
en,bitcoin,7/6/2015,3914
en,bitcoin,8/6/2015,5663
en,bitcoin,9/6/2015,5945
en,bitcoin,10/6/2015,5478
en,bitcoin,11/6/2015,5650
en,bitcoin,12/6/2015,4560
en,bitcoin,13/6/2015,3215
en,bitcoin,14/6/2015,3223
en,bitcoin,15/6/2015,4588
en,bitcoin,16/6/2015,4856
en,bitcoin,17/6/2015,4692
en,bitcoin,18/6/2015,9015
en,bitcoin,19/6/2015,5303
en,bitcoin,20/6/2015,4123
en,bitcoin,21/6/2015,3689
en,bitcoin,22/6/2015,4961
en,bitcoin,23/6/2015,4907
en,bitcoin,24/6/2015,7228
en,bitcoin,25/6/2015,5784
en,bitcoin,26/6/2015,4380
en,bitcoin,27/6/2015,3595
en,bitcoin,28/6/2015,4078
en,bitcoin,29/6/2015,5552
en,bitcoin,30/6/2015,6396
en,bitcoin,1/7/2015,6749
en,bitcoin,2/7/2015,5358
en,bitcoin,3/7/2015,4495
en,bitcoin,4/7/2015,4041
en,bitcoin,5/7/2015,4298
en,bitcoin,6/7/2015,6188
en,bitcoin,7/7/2015,7187
en,bitcoin,8/7/2015,7595
en,bitcoin,9/7/2015,6264
en,bitcoin,10/7/2015,5145
en,bitcoin,11/7/2015,3602
en,bitcoin,12/7/2015,3726
en,bitcoin,13/7/2015,5805
en,bitcoin,14/7/2015,4868
en,bitcoin,15/7/2015,4846
en,bitcoin,16/7/2015,4798
en,bitcoin,17/7/2015,4373
en,bitcoin,18/7/2015,3272
en,bitcoin,19/7/2015,5617
en,bitcoin,20/7/2015,5656
en,bitcoin,21/7/2015,5328
en,bitcoin,22/7/2015,5329
en,bitcoin,23/7/2015,5786
en,bitcoin,24/7/2015,4587
en,bitcoin,25/7/2015,3508
en,bitcoin,26/7/2015,4099
en,bitcoin,27/7/2015,5158
en,bitcoin,28/7/2015,5125
en,bitcoin,29/7/2015,5414
en,bitcoin,30/7/2015,5180
en,bitcoin,31/7/2015,4072
en,bitcoin,1/8/2015,8514
en,bitcoin,2/8/2015,6147
en,bitcoin,3/8/2015,5873
en,bitcoin,4/8/2015,5285
en,bitcoin,5/8/2015,5170
en,bitcoin,6/8/2015,4876
en,bitcoin,7/8/2015,4667
en,bitcoin,8/8/2015,3478
en,bitcoin,9/8/2015,3474
en,bitcoin,10/8/2015,4418
en,bitcoin,11/8/2015,4598
en,bitcoin,12/8/2015,4549
en,bitcoin,13/8/2015,6495
en,bitcoin,14/8/2015,3943
en,bitcoin,15/8/2015,3326
en,bitcoin,16/8/2015,3456
en,bitcoin,17/8/2015,4606
en,bitcoin,18/8/2015,6464
en,bitcoin,19/8/2015,6911
en,bitcoin,20/8/2015,6225
en,bitcoin,21/8/2015,5393
en,bitcoin,22/8/2015,3845
en,bitcoin,23/8/2015,4399
en,bitcoin,24/8/2015,7358
en,bitcoin,25/8/2015,5854
en,bitcoin,26/8/2015,5683
en,bitcoin,27/8/2015,4961
en,bitcoin,28/8/2015,4278
en,bitcoin,29/8/2015,3752
en,bitcoin,30/8/2015,3810
en,bitcoin,31/8/2015,5149
en,bitcoin,1/9/2015,5773
en,bitcoin,2/9/2015,5290
en,bitcoin,3/9/2015,5016
en,bitcoin,4/9/2015,4266
en,bitcoin,5/9/2015,3191
en,bitcoin,6/9/2015,3198
en,bitcoin,7/9/2015,4406
en,bitcoin,8/9/2015,5240
en,bitcoin,9/9/2015,5146
en,bitcoin,10/9/2015,5100
en,bitcoin,11/9/2015,4902
en,bitcoin,12/9/2015,3391
en,bitcoin,13/9/2015,3750
en,bitcoin,14/9/2015,5296
en,bitcoin,15/9/2015,5268
en,bitcoin,16/9/2015,5150
en,bitcoin,17/9/2015,5326
en,bitcoin,18/9/2015,5900
en,bitcoin,19/9/2015,3782
en,bitcoin,20/9/2015,3764
en,bitcoin,21/9/2015,5504
en,bitcoin,22/9/2015,6205
en,bitcoin,23/9/2015,37944
en,bitcoin,24/9/2015,5553
en,bitcoin,25/9/2015,7245
en,bitcoin,26/9/2015,4033
en,bitcoin,27/9/2015,4170
en,bitcoin,28/9/2015,5323
en,bitcoin,29/9/2015,5528
en,bitcoin,30/9/2015,5733
en,bitcoin,1/10/2015,5270
en,bitcoin,2/10/2015,4836
en,bitcoin,3/10/2015,3810
en,bitcoin,4/10/2015,4184
en,bitcoin,5/10/2015,5832
en,bitcoin,6/10/2015,8137
en,bitcoin,7/10/2015,6817
en,bitcoin,8/10/2015,5647
en,bitcoin,9/10/2015,5590
en,bitcoin,10/10/2015,4548
en,bitcoin,11/10/2015,4729
en,bitcoin,12/10/2015,5970
en,bitcoin,13/10/2015,5705
en,bitcoin,14/10/2015,7207
en,bitcoin,15/10/2015,5419
en,bitcoin,16/10/2015,5101
en,bitcoin,17/10/2015,3950
en,bitcoin,18/10/2015,4080
en,bitcoin,19/10/2015,6182
en,bitcoin,20/10/2015,5928
en,bitcoin,21/10/2015,5671
en,bitcoin,22/10/2015,6150
en,bitcoin,23/10/2015,5741
en,bitcoin,24/10/2015,4218
en,bitcoin,25/10/2015,4684
en,bitcoin,26/10/2015,6619
en,bitcoin,27/10/2015,6457
en,bitcoin,28/10/2015,6764
en,bitcoin,29/10/2015,6715
en,bitcoin,30/10/2015,6597
en,bitcoin,31/10/2015,4267
en,bitcoin,1/11/2015,4866
en,bitcoin,2/11/2015,7000
en,bitcoin,3/11/2015,7775
en,bitcoin,4/11/2015,9344
en,bitcoin,5/11/2015,10450
en,bitcoin,6/11/2015,7335
en,bitcoin,7/11/2015,5045
en,bitcoin,8/11/2015,5788
en,bitcoin,9/11/2015,8545
en,bitcoin,10/11/2015,7813
en,bitcoin,11/11/2015,5953
en,bitcoin,12/11/2015,6387
en,bitcoin,13/11/2015,6347
en,bitcoin,14/11/2015,3795
en,bitcoin,15/11/2015,4314
en,bitcoin,16/11/2015,5734
en,bitcoin,17/11/2015,6047
en,bitcoin,18/11/2015,5357
en,bitcoin,19/11/2015,5226
en,bitcoin,20/11/2015,4817
en,bitcoin,21/11/2015,3526
en,bitcoin,22/11/2015,3920
en,bitcoin,23/11/2015,4928
en,bitcoin,24/11/2015,4622
en,bitcoin,25/11/2015,4346
en,bitcoin,26/11/2015,4876
en,bitcoin,27/11/2015,3908
en,bitcoin,28/11/2015,3329
en,bitcoin,29/11/2015,3541
en,bitcoin,30/11/2015,5521
en,bitcoin,1/12/2015,6019
en,bitcoin,2/12/2015,5397
en,bitcoin,3/12/2015,5060
en,bitcoin,4/12/2015,4935
en,bitcoin,5/12/2015,3570
en,bitcoin,6/12/2015,3884
en,bitcoin,7/12/2015,5434
en,bitcoin,8/12/2015,7884
en,bitcoin,9/12/2015,34115
en,bitcoin,10/12/2015,15787
en,bitcoin,11/12/2015,8002
en,bitcoin,12/12/2015,4700
en,bitcoin,13/12/2015,4550
en,bitcoin,14/12/2015,6202
en,bitcoin,15/12/2015,6668
en,bitcoin,16/12/2015,6231
en,bitcoin,17/12/2015,5242
en,bitcoin,18/12/2015,4510
en,bitcoin,19/12/2015,3495
en,bitcoin,20/12/2015,0
en,bitcoin,21/12/2015,0
en,bitcoin,22/12/2015,0
en,bitcoin,23/12/2015,0
en,bitcoin,24/12/2015,0
en,bitcoin,25/12/2015,0
en,bitcoin,26/12/2015,0
en,bitcoin,27/12/2015,0
en,bitcoin,28/12/2015,0
en,bitcoin,29/12/2015,0
en,bitcoin,30/12/2015,0
en,bitcoin,31/12/2015,0
en,bitcoin,1/1/2016,6917
en,bitcoin,2/1/2016,8377
en,bitcoin,3/1/2016,10766
en,bitcoin,4/1/2016,10785
en,bitcoin,5/1/2016,10522
en,bitcoin,6/1/2016,9285
en,bitcoin,7/1/2016,10956
en,bitcoin,8/1/2016,9452
en,bitcoin,9/1/2016,7980
en,bitcoin,10/1/2016,8171
en,bitcoin,11/1/2016,9588
en,bitcoin,12/1/2016,8934
en,bitcoin,13/1/2016,8913
en,bitcoin,14/1/2016,8931
en,bitcoin,15/1/2016,10703
en,bitcoin,16/1/2016,10065
en,bitcoin,17/1/2016,10603
en,bitcoin,18/1/2016,11649
en,bitcoin,19/1/2016,10967
en,bitcoin,20/1/2016,10033
en,bitcoin,21/1/2016,10319
en,bitcoin,22/1/2016,9526
en,bitcoin,23/1/2016,7271
en,bitcoin,24/1/2016,8098
en,bitcoin,25/1/2016,9522
en,bitcoin,26/1/2016,9169
en,bitcoin,27/1/2016,10703
en,bitcoin,28/1/2016,11258
en,bitcoin,29/1/2016,10328
en,bitcoin,30/1/2016,7571
en,bitcoin,31/1/2016,7165
en,bitcoin,1/2/2016,8640
en,bitcoin,2/2/2016,9008
en,bitcoin,3/2/2016,8621
en,bitcoin,4/2/2016,8881
en,bitcoin,5/2/2016,7503
en,bitcoin,6/2/2016,6998
en,bitcoin,7/2/2016,7706
en,bitcoin,8/2/2016,8250
en,bitcoin,9/2/2016,8654
en,bitcoin,10/2/2016,8749
en,bitcoin,11/2/2016,8899
en,bitcoin,12/2/2016,8609
en,bitcoin,13/2/2016,7796
en,bitcoin,14/2/2016,9550
en,bitcoin,15/2/2016,11809
en,bitcoin,16/2/2016,12099
en,bitcoin,17/2/2016,11718
en,bitcoin,18/2/2016,22422
en,bitcoin,19/2/2016,16070
en,bitcoin,20/2/2016,11918
en,bitcoin,21/2/2016,11716
en,bitcoin,22/2/2016,11513
en,bitcoin,23/2/2016,10863
en,bitcoin,24/2/2016,10723
en,bitcoin,25/2/2016,11566
en,bitcoin,26/2/2016,8885
en,bitcoin,27/2/2016,8268
en,bitcoin,28/2/2016,7831
en,bitcoin,29/2/2016,9651
en,bitcoin,1/3/2016,10153
en,bitcoin,2/3/2016,9459
en,bitcoin,3/3/2016,10031
en,bitcoin,4/3/2016,8543
en,bitcoin,5/3/2016,7679
en,bitcoin,6/3/2016,8557
en,bitcoin,7/3/2016,10637
en,bitcoin,8/3/2016,10109
en,bitcoin,9/3/2016,9119
en,bitcoin,10/3/2016,8640
en,bitcoin,11/3/2016,8023
en,bitcoin,12/3/2016,6626
en,bitcoin,13/3/2016,9435
en,bitcoin,14/3/2016,10794
en,bitcoin,15/3/2016,10409
en,bitcoin,16/3/2016,9168
en,bitcoin,17/3/2016,8368
en,bitcoin,18/3/2016,7623
en,bitcoin,19/3/2016,6247
en,bitcoin,20/3/2016,7103
en,bitcoin,21/3/2016,8780
en,bitcoin,22/3/2016,9147
en,bitcoin,23/3/2016,8634
en,bitcoin,24/3/2016,9154
en,bitcoin,25/3/2016,7603
en,bitcoin,26/3/2016,6543
en,bitcoin,27/3/2016,7363
en,bitcoin,28/3/2016,8920
en,bitcoin,29/3/2016,9056
en,bitcoin,30/3/2016,8738
en,bitcoin,31/3/2016,8747
en,bitcoin,1/4/2016,7796
en,bitcoin,2/4/2016,7048
en,bitcoin,3/4/2016,7701
en,bitcoin,4/4/2016,8945
en,bitcoin,5/4/2016,10338
en,bitcoin,6/4/2016,8844
en,bitcoin,7/4/2016,8596
en,bitcoin,8/4/2016,9075
en,bitcoin,9/4/2016,6639
en,bitcoin,10/4/2016,7263
en,bitcoin,11/4/2016,9580
en,bitcoin,12/4/2016,9069
en,bitcoin,13/4/2016,9421
en,bitcoin,14/4/2016,9188
en,bitcoin,15/4/2016,8044
en,bitcoin,16/4/2016,6127
en,bitcoin,17/4/2016,6649
en,bitcoin,18/4/2016,8199
en,bitcoin,19/4/2016,9412
en,bitcoin,20/4/2016,8777
en,bitcoin,21/4/2016,11743
en,bitcoin,22/4/2016,12084
en,bitcoin,23/4/2016,7659
en,bitcoin,24/4/2016,8797
en,bitcoin,25/4/2016,9546
en,bitcoin,26/4/2016,9756
en,bitcoin,27/4/2016,9176
en,bitcoin,28/4/2016,9900
en,bitcoin,29/4/2016,8072
en,bitcoin,30/4/2016,6586
en,bitcoin,1/5/2016,7025
en,bitcoin,2/5/2016,89547
en,bitcoin,3/5/2016,45695
en,bitcoin,4/5/2016,20558
en,bitcoin,5/5/2016,25888
en,bitcoin,6/5/2016,17502
en,bitcoin,7/5/2016,11558
en,bitcoin,8/5/2016,11613
en,bitcoin,9/5/2016,13848
en,bitcoin,10/5/2016,12811
en,bitcoin,11/5/2016,16721
en,bitcoin,12/5/2016,17175
en,bitcoin,13/5/2016,9961
en,bitcoin,14/5/2016,12427
en,bitcoin,15/5/2016,12559
en,bitcoin,16/5/2016,12247
en,bitcoin,17/5/2016,9303
en,bitcoin,18/5/2016,10261
en,bitcoin,19/5/2016,12704
en,bitcoin,20/5/2016,8809
en,bitcoin,21/5/2016,7079
en,bitcoin,22/5/2016,7734
en,bitcoin,23/5/2016,9439
en,bitcoin,24/5/2016,9745
en,bitcoin,25/5/2016,8550
en,bitcoin,26/5/2016,8559
en,bitcoin,27/5/2016,8700
en,bitcoin,28/5/2016,8140
en,bitcoin,29/5/2016,7925
en,bitcoin,30/5/2016,13545
en,bitcoin,31/5/2016,14649
en,bitcoin,1/6/2016,11593
en,bitcoin,2/6/2016,9992
en,bitcoin,3/6/2016,10522
en,bitcoin,4/6/2016,8427
en,bitcoin,5/6/2016,11645
en,bitcoin,6/6/2016,10709
en,bitcoin,7/6/2016,10221
en,bitcoin,8/6/2016,9873
en,bitcoin,9/6/2016,9686
en,bitcoin,10/6/2016,8862
en,bitcoin,11/6/2016,8235
en,bitcoin,12/6/2016,9122
en,bitcoin,13/6/2016,12812
en,bitcoin,14/6/2016,11225
en,bitcoin,15/6/2016,10453
en,bitcoin,16/6/2016,11705
en,bitcoin,17/6/2016,11213
en,bitcoin,18/6/2016,9926
en,bitcoin,19/6/2016,10583
en,bitcoin,20/6/2016,12237
en,bitcoin,21/6/2016,12419
en,bitcoin,22/6/2016,10637
en,bitcoin,23/6/2016,10576
en,bitcoin,24/6/2016,19485
en,bitcoin,25/6/2016,13130
en,bitcoin,26/6/2016,8771
en,bitcoin,27/6/2016,12055
en,bitcoin,28/6/2016,10439
en,bitcoin,29/6/2016,11503
en,bitcoin,30/6/2016,10351
en,bitcoin,1/7/2016,9122
en,bitcoin,2/7/2016,8167
en,bitcoin,3/7/2016,9208
en,bitcoin,4/7/2016,9719
en,bitcoin,5/7/2016,9776
en,bitcoin,6/7/2016,9550
en,bitcoin,7/7/2016,9990
en,bitcoin,8/7/2016,9093
en,bitcoin,9/7/2016,9336
en,bitcoin,10/7/2016,10963
en,bitcoin,11/7/2016,10808
en,bitcoin,12/7/2016,10526
en,bitcoin,13/7/2016,10617
en,bitcoin,14/7/2016,9455
en,bitcoin,15/7/2016,9026
en,bitcoin,16/7/2016,7465
en,bitcoin,17/7/2016,8469
en,bitcoin,18/7/2016,9265
en,bitcoin,19/7/2016,8594
en,bitcoin,20/7/2016,8706
en,bitcoin,21/7/2016,8963
en,bitcoin,22/7/2016,11080
en,bitcoin,23/7/2016,7503
en,bitcoin,24/7/2016,7720
en,bitcoin,25/7/2016,9705
en,bitcoin,26/7/2016,11232
en,bitcoin,27/7/2016,11588
en,bitcoin,28/7/2016,9608
en,bitcoin,29/7/2016,8636
en,bitcoin,30/7/2016,7977
en,bitcoin,31/7/2016,68744
en,bitcoin,1/8/2016,8979
en,bitcoin,2/8/2016,10183
en,bitcoin,3/8/2016,20889
en,bitcoin,4/8/2016,13756
en,bitcoin,5/8/2016,10113
en,bitcoin,6/8/2016,8210
en,bitcoin,7/8/2016,14426
en,bitcoin,8/8/2016,12667
en,bitcoin,9/8/2016,11998
en,bitcoin,10/8/2016,11393
en,bitcoin,11/8/2016,8702
en,bitcoin,12/8/2016,8200
en,bitcoin,13/8/2016,8243
en,bitcoin,14/8/2016,7195
en,bitcoin,15/8/2016,8361
en,bitcoin,16/8/2016,8803
en,bitcoin,17/8/2016,9089
en,bitcoin,18/8/2016,10421
en,bitcoin,19/8/2016,9974
en,bitcoin,20/8/2016,7154
en,bitcoin,21/8/2016,7602
en,bitcoin,22/8/2016,8703
en,bitcoin,23/8/2016,9225
en,bitcoin,24/8/2016,9528
en,bitcoin,25/8/2016,9988
en,bitcoin,26/8/2016,9715
en,bitcoin,27/8/2016,7708
en,bitcoin,28/8/2016,8009
en,bitcoin,29/8/2016,9769
en,bitcoin,30/8/2016,9014
en,bitcoin,31/8/2016,9761
en,bitcoin,1/9/2016,9460
en,bitcoin,2/9/2016,8399
en,bitcoin,3/9/2016,7929
en,bitcoin,4/9/2016,8230
en,bitcoin,5/9/2016,9341
en,bitcoin,6/9/2016,9693
en,bitcoin,7/9/2016,9797
en,bitcoin,8/9/2016,10260
en,bitcoin,9/9/2016,9458
en,bitcoin,10/9/2016,8414
en,bitcoin,11/9/2016,8128
en,bitcoin,12/9/2016,12303
en,bitcoin,13/9/2016,11330
en,bitcoin,14/9/2016,10731
en,bitcoin,15/9/2016,11608
en,bitcoin,16/9/2016,11372
en,bitcoin,17/9/2016,10602
en,bitcoin,18/9/2016,9720
en,bitcoin,19/9/2016,10176
en,bitcoin,20/9/2016,10303
en,bitcoin,21/9/2016,9507
en,bitcoin,22/9/2016,10163
en,bitcoin,23/9/2016,8433
en,bitcoin,24/9/2016,9133
en,bitcoin,25/9/2016,7924
en,bitcoin,26/9/2016,9918
en,bitcoin,27/9/2016,8864
en,bitcoin,28/9/2016,10660
en,bitcoin,29/9/2016,8419
en,bitcoin,30/9/2016,8792
en,bitcoin,1/10/2016,8601
en,bitcoin,2/10/2016,8041
en,bitcoin,3/10/2016,8909
en,bitcoin,4/10/2016,9753
en,bitcoin,5/10/2016,9800
en,bitcoin,6/10/2016,9020
en,bitcoin,7/10/2016,9804
en,bitcoin,8/10/2016,7514
en,bitcoin,9/10/2016,7420
en,bitcoin,10/10/2016,8394
en,bitcoin,11/10/2016,10270
en,bitcoin,12/10/2016,10622
en,bitcoin,13/10/2016,9291
en,bitcoin,14/10/2016,8857
en,bitcoin,15/10/2016,7244
en,bitcoin,16/10/2016,7685
en,bitcoin,17/10/2016,9412
en,bitcoin,18/10/2016,9423
en,bitcoin,19/10/2016,9258
en,bitcoin,20/10/2016,8366
en,bitcoin,21/10/2016,10798
en,bitcoin,22/10/2016,7065
en,bitcoin,23/10/2016,8432
en,bitcoin,24/10/2016,9283
en,bitcoin,25/10/2016,10462
en,bitcoin,26/10/2016,9056
en,bitcoin,27/10/2016,9040
en,bitcoin,28/10/2016,14851
en,bitcoin,29/10/2016,11299
en,bitcoin,30/10/2016,9047
en,bitcoin,31/10/2016,12396
en,bitcoin,1/11/2016,10585
en,bitcoin,2/11/2016,10692
en,bitcoin,3/11/2016,10154
en,bitcoin,4/11/2016,9423
en,bitcoin,5/11/2016,12504
en,bitcoin,6/11/2016,11283
en,bitcoin,7/11/2016,12161
en,bitcoin,8/11/2016,12423
en,bitcoin,9/11/2016,13461
en,bitcoin,10/11/2016,11984
en,bitcoin,11/11/2016,10447
en,bitcoin,12/11/2016,9303
en,bitcoin,13/11/2016,10029
en,bitcoin,14/11/2016,23393
en,bitcoin,15/11/2016,15372
en,bitcoin,16/11/2016,16299
en,bitcoin,17/11/2016,15529
en,bitcoin,18/11/2016,18708
en,bitcoin,19/11/2016,12925
en,bitcoin,20/11/2016,16554
en,bitcoin,21/11/2016,14835
en,bitcoin,22/11/2016,16363
en,bitcoin,23/11/2016,18741
en,bitcoin,24/11/2016,16980
en,bitcoin,25/11/2016,13992
en,bitcoin,26/11/2016,13654
en,bitcoin,27/11/2016,14972
en,bitcoin,28/11/2016,17343
en,bitcoin,29/11/2016,16634
en,bitcoin,30/11/2016,12276
en,bitcoin,1/12/2016,11267
en,bitcoin,2/12/2016,11793
en,bitcoin,3/12/2016,8992
en,bitcoin,4/12/2016,9628
en,bitcoin,5/12/2016,10874
en,bitcoin,6/12/2016,11956
en,bitcoin,7/12/2016,11293
en,bitcoin,8/12/2016,11414
en,bitcoin,9/12/2016,10046
en,bitcoin,10/12/2016,9888
en,bitcoin,11/12/2016,9427
en,bitcoin,12/12/2016,10852
en,bitcoin,13/12/2016,12285
en,bitcoin,14/12/2016,11821
en,bitcoin,15/12/2016,11320
en,bitcoin,16/12/2016,10845
en,bitcoin,17/12/2016,9297
en,bitcoin,18/12/2016,9699
en,bitcoin,19/12/2016,12177
en,bitcoin,20/12/2016,12132
en,bitcoin,21/12/2016,12697
en,bitcoin,22/12/2016,13775
en,bitcoin,23/12/2016,14558
en,bitcoin,24/12/2016,11923
en,bitcoin,25/12/2016,11176
en,bitcoin,26/12/2016,12673
en,bitcoin,27/12/2016,13726
en,bitcoin,28/12/2016,14616
en,bitcoin,29/12/2016,16200
en,bitcoin,30/12/2016,16672
en,bitcoin,31/12/2016,10684
en,bitcoin,1/1/2017,9846
en,bitcoin,2/1/2017,23985
en,bitcoin,3/1/2017,25709
en,bitcoin,4/1/2017,22725
en,bitcoin,5/1/2017,26351
en,bitcoin,6/1/2017,22525
en,bitcoin,7/1/2017,17749
en,bitcoin,8/1/2017,16913
en,bitcoin,9/1/2017,18233
en,bitcoin,10/1/2017,16730
en,bitcoin,11/1/2017,18651
en,bitcoin,12/1/2017,18712
en,bitcoin,13/1/2017,17254
en,bitcoin,14/1/2017,15833
en,bitcoin,15/1/2017,12651
en,bitcoin,16/1/2017,14216
en,bitcoin,17/1/2017,16662
en,bitcoin,18/1/2017,15178
en,bitcoin,19/1/2017,14975
en,bitcoin,20/1/2017,12817
en,bitcoin,21/1/2017,10731
en,bitcoin,22/1/2017,11369
en,bitcoin,23/1/2017,14673
en,bitcoin,24/1/2017,13616
en,bitcoin,25/1/2017,12378
en,bitcoin,26/1/2017,12201
en,bitcoin,27/1/2017,12412
en,bitcoin,28/1/2017,12904
en,bitcoin,29/1/2017,11994
en,bitcoin,30/1/2017,14511
en,bitcoin,31/1/2017,13611
en,bitcoin,1/2/2017,13679
en,bitcoin,2/2/2017,13870
en,bitcoin,3/2/2017,13224
en,bitcoin,4/2/2017,11505
en,bitcoin,5/2/2017,12400
en,bitcoin,6/2/2017,13523
en,bitcoin,7/2/2017,13918
en,bitcoin,8/2/2017,13609
en,bitcoin,9/2/2017,14071
en,bitcoin,10/2/2017,12594
en,bitcoin,11/2/2017,10298
en,bitcoin,12/2/2017,11270
en,bitcoin,13/2/2017,12817
en,bitcoin,14/2/2017,12009
en,bitcoin,15/2/2017,12759
en,bitcoin,16/2/2017,13301
en,bitcoin,17/2/2017,14739
en,bitcoin,18/2/2017,13186
en,bitcoin,19/2/2017,11065
en,bitcoin,20/2/2017,12699
en,bitcoin,21/2/2017,14204
en,bitcoin,22/2/2017,13648
en,bitcoin,23/2/2017,14503
en,bitcoin,24/2/2017,16166
en,bitcoin,25/2/2017,18086
en,bitcoin,26/2/2017,17157
en,bitcoin,27/2/2017,15586
en,bitcoin,28/2/2017,16074
en,bitcoin,1/3/2017,17789
en,bitcoin,2/3/2017,19271
en,bitcoin,3/3/2017,40981
en,bitcoin,4/3/2017,26396
en,bitcoin,5/3/2017,18338
en,bitcoin,6/3/2017,20720
en,bitcoin,7/3/2017,17507
en,bitcoin,8/3/2017,16131
en,bitcoin,9/3/2017,16077
en,bitcoin,10/3/2017,19641
en,bitcoin,11/3/2017,16371
en,bitcoin,12/3/2017,14426
en,bitcoin,13/3/2017,16733
en,bitcoin,14/3/2017,19966
en,bitcoin,15/3/2017,17958
en,bitcoin,16/3/2017,17182
en,bitcoin,17/3/2017,16022
en,bitcoin,18/3/2017,18692
en,bitcoin,19/3/2017,19600
en,bitcoin,20/3/2017,23626
en,bitcoin,21/3/2017,21664
en,bitcoin,22/3/2017,20171
en,bitcoin,23/3/2017,20204
en,bitcoin,24/3/2017,18354
en,bitcoin,25/3/2017,16681
en,bitcoin,26/3/2017,18168
en,bitcoin,27/3/2017,18498
en,bitcoin,28/3/2017,16569
en,bitcoin,29/3/2017,14593
en,bitcoin,30/3/2017,14773
en,bitcoin,31/3/2017,14056
en,bitcoin,1/4/2017,12621
en,bitcoin,2/4/2017,12217
en,bitcoin,3/4/2017,15355
en,bitcoin,4/4/2017,17274
en,bitcoin,5/4/2017,14198
en,bitcoin,6/4/2017,13903
en,bitcoin,7/4/2017,13902
en,bitcoin,8/4/2017,11883
en,bitcoin,9/4/2017,11572
en,bitcoin,10/4/2017,13908
en,bitcoin,11/4/2017,17727
en,bitcoin,12/4/2017,14561
en,bitcoin,13/4/2017,14539
en,bitcoin,14/4/2017,12912
en,bitcoin,15/4/2017,10711
en,bitcoin,16/4/2017,11690
en,bitcoin,17/4/2017,19340
en,bitcoin,18/4/2017,24064
en,bitcoin,19/4/2017,16503
en,bitcoin,20/4/2017,15072
en,bitcoin,21/4/2017,14633
en,bitcoin,22/4/2017,11508
en,bitcoin,23/4/2017,12426
en,bitcoin,24/4/2017,16492
en,bitcoin,25/4/2017,17039
en,bitcoin,26/4/2017,15105
en,bitcoin,27/4/2017,15279
en,bitcoin,28/4/2017,14268
en,bitcoin,29/4/2017,11486
en,bitcoin,30/4/2017,16505
en,bitcoin,1/5/2017,14896
en,bitcoin,2/5/2017,17552
en,bitcoin,3/5/2017,17635
en,bitcoin,4/5/2017,19681
en,bitcoin,5/5/2017,17252
en,bitcoin,6/5/2017,18153
en,bitcoin,7/5/2017,18187
en,bitcoin,8/5/2017,20017
en,bitcoin,9/5/2017,24383
en,bitcoin,10/5/2017,24893
en,bitcoin,11/5/2017,25641
en,bitcoin,12/5/2017,40297
en,bitcoin,13/5/2017,48497
en,bitcoin,14/5/2017,43577
en,bitcoin,15/5/2017,92259
en,bitcoin,16/5/2017,89655
en,bitcoin,17/5/2017,60873
en,bitcoin,18/5/2017,46758
en,bitcoin,19/5/2017,39294
en,bitcoin,20/5/2017,34010
en,bitcoin,21/5/2017,32442
en,bitcoin,22/5/2017,72770
en,bitcoin,23/5/2017,79852
en,bitcoin,24/5/2017,70938
en,bitcoin,25/5/2017,74308
en,bitcoin,26/5/2017,62426
en,bitcoin,27/5/2017,42415
en,bitcoin,28/5/2017,33185
en,bitcoin,29/5/2017,36086
en,bitcoin,30/5/2017,35963
en,bitcoin,31/5/2017,34743
en,bitcoin,1/6/2017,32102
en,bitcoin,2/6/2017,28923
en,bitcoin,3/6/2017,26484
en,bitcoin,4/6/2017,24030
en,bitcoin,5/6/2017,29492
en,bitcoin,6/6/2017,36335
en,bitcoin,7/6/2017,34333
en,bitcoin,8/6/2017,28152
en,bitcoin,9/6/2017,26797
en,bitcoin,10/6/2017,23995
en,bitcoin,11/6/2017,27806
en,bitcoin,12/6/2017,36420
en,bitcoin,13/6/2017,33391
en,bitcoin,14/6/2017,29493
en,bitcoin,15/6/2017,29860
en,bitcoin,16/6/2017,28789
en,bitcoin,17/6/2017,23672
en,bitcoin,18/6/2017,23075
en,bitcoin,19/6/2017,25931
en,bitcoin,20/6/2017,29118
en,bitcoin,21/6/2017,33121
en,bitcoin,22/6/2017,31083
en,bitcoin,23/6/2017,26197
en,bitcoin,24/6/2017,24639
en,bitcoin,25/6/2017,22743
en,bitcoin,26/6/2017,26166
en,bitcoin,27/6/2017,36164
en,bitcoin,28/6/2017,46469
en,bitcoin,29/6/2017,35088
en,bitcoin,30/6/2017,26960
en,bitcoin,1/7/2017,23455
en,bitcoin,2/7/2017,25339
en,bitcoin,3/7/2017,26000
en,bitcoin,4/7/2017,25954
en,bitcoin,5/7/2017,27316
en,bitcoin,6/7/2017,28077
en,bitcoin,7/7/2017,24723
en,bitcoin,8/7/2017,21813
en,bitcoin,9/7/2017,22484
en,bitcoin,10/7/2017,26497
en,bitcoin,11/7/2017,28778
en,bitcoin,12/7/2017,27827
en,bitcoin,13/7/2017,28826
en,bitcoin,14/7/2017,25146
en,bitcoin,15/7/2017,20918
en,bitcoin,16/7/2017,21330
en,bitcoin,17/7/2017,25175
en,bitcoin,18/7/2017,29816
en,bitcoin,19/7/2017,31571
en,bitcoin,20/7/2017,33332
en,bitcoin,21/7/2017,27028
en,bitcoin,22/7/2017,23839
en,bitcoin,23/7/2017,29444
en,bitcoin,24/7/2017,29211
en,bitcoin,25/7/2017,27282
en,bitcoin,26/7/2017,27926
en,bitcoin,27/7/2017,28447
en,bitcoin,28/7/2017,24731
en,bitcoin,29/7/2017,22063
en,bitcoin,30/7/2017,35445
en,bitcoin,31/7/2017,25446
en,bitcoin,1/8/2017,54112
en,bitcoin,2/8/2017,78751
en,bitcoin,3/8/2017,32167
en,bitcoin,4/8/2017,25124
en,bitcoin,5/8/2017,27093
en,bitcoin,6/8/2017,27030
en,bitcoin,7/8/2017,35220
en,bitcoin,8/8/2017,42422
en,bitcoin,9/8/2017,37744
en,bitcoin,10/8/2017,35488
en,bitcoin,11/8/2017,32652
en,bitcoin,12/8/2017,30433
en,bitcoin,13/8/2017,39004
en,bitcoin,14/8/2017,53867
en,bitcoin,15/8/2017,49545
en,bitcoin,16/8/2017,42637
en,bitcoin,17/8/2017,39393
en,bitcoin,18/8/2017,39011
en,bitcoin,19/8/2017,35897
en,bitcoin,20/8/2017,37039
en,bitcoin,21/8/2017,38635
en,bitcoin,22/8/2017,42484
en,bitcoin,23/8/2017,40788
en,bitcoin,24/8/2017,38457
en,bitcoin,25/8/2017,36325
en,bitcoin,26/8/2017,32141
en,bitcoin,27/8/2017,29450
en,bitcoin,28/8/2017,33093
en,bitcoin,29/8/2017,36234
en,bitcoin,30/8/2017,38008
en,bitcoin,31/8/2017,41171
en,bitcoin,1/9/2017,38280
en,bitcoin,2/9/2017,34811
en,bitcoin,3/9/2017,34468
en,bitcoin,4/9/2017,40995
en,bitcoin,5/9/2017,40693
en,bitcoin,6/9/2017,40179
en,bitcoin,7/9/2017,40293
en,bitcoin,8/9/2017,33187
en,bitcoin,9/9/2017,29744
en,bitcoin,10/9/2017,29393
en,bitcoin,11/9/2017,32110
en,bitcoin,12/9/2017,37184
en,bitcoin,13/9/2017,51883
en,bitcoin,14/9/2017,47681
en,bitcoin,15/9/2017,46741
en,bitcoin,16/9/2017,36273
en,bitcoin,17/9/2017,34572
en,bitcoin,18/9/2017,40573
en,bitcoin,19/9/2017,39469
en,bitcoin,20/9/2017,35122
en,bitcoin,21/9/2017,31837
en,bitcoin,22/9/2017,29702
en,bitcoin,23/9/2017,23177
en,bitcoin,24/9/2017,24503
en,bitcoin,25/9/2017,27296
en,bitcoin,26/9/2017,27577
en,bitcoin,27/9/2017,29970
en,bitcoin,28/9/2017,27248
en,bitcoin,29/9/2017,25880
en,bitcoin,30/9/2017,22188
en,bitcoin,1/10/2017,24449
en,bitcoin,2/10/2017,26707
en,bitcoin,3/10/2017,27873
en,bitcoin,4/10/2017,29987
en,bitcoin,5/10/2017,28161
en,bitcoin,6/10/2017,25452
en,bitcoin,7/10/2017,23374
en,bitcoin,8/10/2017,24589
en,bitcoin,9/10/2017,29398
en,bitcoin,10/10/2017,30268
en,bitcoin,11/10/2017,33036
en,bitcoin,12/10/2017,46510
en,bitcoin,13/10/2017,54928
en,bitcoin,14/10/2017,41926
en,bitcoin,15/10/2017,38134
en,bitcoin,16/10/2017,42409
en,bitcoin,17/10/2017,38467
en,bitcoin,18/10/2017,35682
en,bitcoin,19/10/2017,35467
en,bitcoin,20/10/2017,40926
en,bitcoin,21/10/2017,45542
en,bitcoin,22/10/2017,41045
en,bitcoin,23/10/2017,47099
en,bitcoin,24/10/2017,44716
en,bitcoin,25/10/2017,41933
en,bitcoin,26/10/2017,39844
en,bitcoin,27/10/2017,37537
en,bitcoin,28/10/2017,31898
en,bitcoin,29/10/2017,34355
en,bitcoin,30/10/2017,43309
en,bitcoin,31/10/2017,48836
en,bitcoin,1/11/2017,56731
en,bitcoin,2/11/2017,75661
en,bitcoin,3/11/2017,65139
en,bitcoin,4/11/2017,50687
en,bitcoin,5/11/2017,48677
en,bitcoin,6/11/2017,52413
en,bitcoin,7/11/2017,52217
en,bitcoin,8/11/2017,55613
en,bitcoin,9/11/2017,55234
en,bitcoin,10/11/2017,54094
en,bitcoin,11/11/2017,44938
en,bitcoin,12/11/2017,45692
en,bitcoin,13/11/2017,55933
en,bitcoin,14/11/2017,53928
en,bitcoin,15/11/2017,47219
en,bitcoin,16/11/2017,50887
en,bitcoin,17/11/2017,63913
en,bitcoin,18/11/2017,49924
en,bitcoin,19/11/2017,45980
en,bitcoin,20/11/2017,59496
en,bitcoin,21/11/2017,63035
en,bitcoin,22/11/2017,54553
en,bitcoin,23/11/2017,48753
en,bitcoin,24/11/2017,47174
en,bitcoin,25/11/2017,45257
en,bitcoin,26/11/2017,67113
en,bitcoin,27/11/2017,125467
en,bitcoin,28/11/2017,146849
en,bitcoin,29/11/2017,264319
en,bitcoin,30/11/2017,214178
en,bitcoin,1/12/2017,169577
en,bitcoin,2/12/2017,113439
en,bitcoin,3/12/2017,109492
en,bitcoin,4/12/2017,163260
en,bitcoin,5/12/2017,161881
en,bitcoin,6/12/2017,180707
en,bitcoin,7/12/2017,333517
en,bitcoin,8/12/2017,347624
en,bitcoin,9/12/2017,215966
en,bitcoin,10/12/2017,192190
en,bitcoin,11/12/2017,244694
en,bitcoin,12/12/2017,232389
en,bitcoin,13/12/2017,203034
en,bitcoin,14/12/2017,166596
en,bitcoin,15/12/2017,130838
en,bitcoin,16/12/2017,118984
en,bitcoin,17/12/2017,126375
en,bitcoin,18/12/2017,139923
en,bitcoin,19/12/2017,158024
en,bitcoin,20/12/2017,166711
en,bitcoin,21/12/2017,144330
en,bitcoin,22/12/2017,167041
en,bitcoin,23/12/2017,147971
en,bitcoin,24/12/2017,111542
en,bitcoin,25/12/2017,117925
en,bitcoin,26/12/2017,128835
en,bitcoin,27/12/2017,100995
en,bitcoin,28/12/2017,94098
en,bitcoin,29/12/2017,93345
en,bitcoin,30/12/2017,84729
en,bitcoin,31/12/2017,68856
en,bitcoin,1/1/2018,66949
en,bitcoin,2/1/2018,90271
en,bitcoin,3/1/2018,99223
en,bitcoin,4/1/2018,88224
en,bitcoin,5/1/2018,81601
en,bitcoin,6/1/2018,81564
en,bitcoin,7/1/2018,80580
en,bitcoin,8/1/2018,89326
en,bitcoin,9/1/2018,93964
en,bitcoin,10/1/2018,101726
en,bitcoin,11/1/2018,90383
en,bitcoin,12/1/2018,78303
en,bitcoin,13/1/2018,70335
en,bitcoin,14/1/2018,60970
en,bitcoin,15/1/2018,65857
en,bitcoin,16/1/2018,76274
en,bitcoin,17/1/2018,91829
en,bitcoin,18/1/2018,72867
en,bitcoin,19/1/2018,62607
en,bitcoin,20/1/2018,53113
en,bitcoin,21/1/2018,49158
en,bitcoin,22/1/2018,55522
en,bitcoin,23/1/2018,50426
en,bitcoin,24/1/2018,52910
en,bitcoin,25/1/2018,55993
en,bitcoin,26/1/2018,47466
en,bitcoin,27/1/2018,41276
en,bitcoin,28/1/2018,41881
en,bitcoin,29/1/2018,43600
en,bitcoin,30/1/2018,42251
en,bitcoin,31/1/2018,46740
en,bitcoin,1/2/2018,50088
en,bitcoin,2/2/2018,55719
en,bitcoin,3/2/2018,47365
en,bitcoin,4/2/2018,45525
en,bitcoin,5/2/2018,59427
en,bitcoin,6/2/2018,62245
en,bitcoin,7/2/2018,45923
en,bitcoin,8/2/2018,43539
en,bitcoin,9/2/2018,43556
en,bitcoin,10/2/2018,36798
en,bitcoin,11/2/2018,37293
en,bitcoin,12/2/2018,45447
en,bitcoin,13/2/2018,40316
en,bitcoin,14/2/2018,36872
en,bitcoin,15/2/2018,38966
en,bitcoin,16/2/2018,32756
en,bitcoin,17/2/2018,29889
en,bitcoin,18/2/2018,28067
en,bitcoin,19/2/2018,28114
en,bitcoin,20/2/2018,40395
en,bitcoin,21/2/2018,26033
en,bitcoin,22/2/2018,26010
en,bitcoin,23/2/2018,21893
en,bitcoin,24/2/2018,19814
en,bitcoin,25/2/2018,27283
en,bitcoin,26/2/2018,26046
en,bitcoin,27/2/2018,29257
en,bitcoin,28/2/2018,24799
en,bitcoin,1/3/2018,21338
en,bitcoin,2/3/2018,30328
en,bitcoin,3/3/2018,18238
en,bitcoin,4/3/2018,19122
en,bitcoin,5/3/2018,21987
en,bitcoin,6/3/2018,32332
en,bitcoin,7/3/2018,26604
en,bitcoin,8/3/2018,18857
en,bitcoin,9/3/2018,19575
en,bitcoin,10/3/2018,17796
en,bitcoin,11/3/2018,21810
en,bitcoin,12/3/2018,22668
en,bitcoin,13/3/2018,21747
en,bitcoin,14/3/2018,20107
en,bitcoin,15/3/2018,20290
en,bitcoin,16/3/2018,18473
en,bitcoin,17/3/2018,15044
en,bitcoin,18/3/2018,17508
en,bitcoin,19/3/2018,29251
en,bitcoin,20/3/2018,22863
en,bitcoin,21/3/2018,26958
en,bitcoin,22/3/2018,32776
en,bitcoin,23/3/2018,27263
en,bitcoin,24/3/2018,15234
en,bitcoin,25/3/2018,13914
en,bitcoin,26/3/2018,26741
en,bitcoin,27/3/2018,20938
en,bitcoin,28/3/2018,25819
en,bitcoin,29/3/2018,18742
en,bitcoin,30/3/2018,19021
en,bitcoin,31/3/2018,13350
en,bitcoin,1/4/2018,14424
en,bitcoin,2/4/2018,19687
en,bitcoin,3/4/2018,18898
en,bitcoin,4/4/2018,21414
en,bitcoin,5/4/2018,22195
en,bitcoin,6/4/2018,19322
en,bitcoin,7/4/2018,18205
en,bitcoin,8/4/2018,18606
en,bitcoin,9/4/2018,15723
en,bitcoin,10/4/2018,19123
en,bitcoin,11/4/2018,15537
en,bitcoin,12/4/2018,17741
en,bitcoin,13/4/2018,16030
en,bitcoin,14/4/2018,12764
en,bitcoin,15/4/2018,12921
en,bitcoin,16/4/2018,16699
en,bitcoin,17/4/2018,18189
en,bitcoin,18/4/2018,17159
en,bitcoin,19/4/2018,16228
en,bitcoin,20/4/2018,15985
en,bitcoin,21/4/2018,16387
en,bitcoin,22/4/2018,21300
en,bitcoin,23/4/2018,28166
en,bitcoin,24/4/2018,22346
en,bitcoin,25/4/2018,19668
en,bitcoin,26/4/2018,20553
en,bitcoin,27/4/2018,15876
en,bitcoin,28/4/2018,11684
en,bitcoin,29/4/2018,11785
en,bitcoin,30/4/2018,14269
en,bitcoin,1/5/2018,14110
en,bitcoin,2/5/2018,14600
en,bitcoin,3/5/2018,13477
en,bitcoin,4/5/2018,14729
en,bitcoin,5/5/2018,12677
en,bitcoin,6/5/2018,13678
en,bitcoin,7/5/2018,17080
en,bitcoin,8/5/2018,19962
en,bitcoin,9/5/2018,16867
en,bitcoin,10/5/2018,17515
en,bitcoin,11/5/2018,15364
en,bitcoin,12/5/2018,13387
en,bitcoin,13/5/2018,13816
en,bitcoin,14/5/2018,14904
en,bitcoin,15/5/2018,15234
en,bitcoin,16/5/2018,14503
en,bitcoin,17/5/2018,15599
en,bitcoin,18/5/2018,19564
en,bitcoin,19/5/2018,15349
en,bitcoin,20/5/2018,15779
en,bitcoin,21/5/2018,21575
en,bitcoin,22/5/2018,14983
en,bitcoin,23/5/2018,16156
en,bitcoin,24/5/2018,14508
en,bitcoin,25/5/2018,13802
en,bitcoin,26/5/2018,11409
en,bitcoin,27/5/2018,23363
en,bitcoin,28/5/2018,13694
en,bitcoin,29/5/2018,13825
en,bitcoin,30/5/2018,13645
en,bitcoin,31/5/2018,20504
en,bitcoin,1/6/2018,11662
en,bitcoin,2/6/2018,9725
en,bitcoin,3/6/2018,16001
en,bitcoin,4/6/2018,19183
en,bitcoin,5/6/2018,25079
en,bitcoin,6/6/2018,36825
en,bitcoin,7/6/2018,31536
en,bitcoin,8/6/2018,25755
en,bitcoin,9/6/2018,21012
en,bitcoin,10/6/2018,22801
en,bitcoin,11/6/2018,25154
en,bitcoin,12/6/2018,20562
en,bitcoin,13/6/2018,19341
en,bitcoin,14/6/2018,15983
en,bitcoin,15/6/2018,13205
en,bitcoin,16/6/2018,11655
en,bitcoin,17/6/2018,17386
en,bitcoin,18/6/2018,17898
en,bitcoin,19/6/2018,15766
en,bitcoin,20/6/2018,25596
en,bitcoin,21/6/2018,15643
en,bitcoin,22/6/2018,13373
en,bitcoin,23/6/2018,11597
en,bitcoin,24/6/2018,17672
en,bitcoin,25/6/2018,17561
en,bitcoin,26/6/2018,17717
en,bitcoin,27/6/2018,17989
en,bitcoin,28/6/2018,19095
en,bitcoin,29/6/2018,14756
en,bitcoin,30/6/2018,14906
en,bitcoin,1/7/2018,15557
en,bitcoin,2/7/2018,16592
en,bitcoin,3/7/2018,13998
en,bitcoin,4/7/2018,13749
en,bitcoin,5/7/2018,17100
en,bitcoin,6/7/2018,12933
en,bitcoin,7/7/2018,8893
en,bitcoin,8/7/2018,9623
en,bitcoin,9/7/2018,11197
en,bitcoin,10/7/2018,16790
en,bitcoin,11/7/2018,12259
en,bitcoin,12/7/2018,11732
en,bitcoin,13/7/2018,13504
en,bitcoin,14/7/2018,12670
en,bitcoin,15/7/2018,12701
en,bitcoin,16/7/2018,13290
en,bitcoin,17/7/2018,12960
en,bitcoin,18/7/2018,14290
en,bitcoin,19/7/2018,14658
en,bitcoin,20/7/2018,13106
en,bitcoin,21/7/2018,12226
en,bitcoin,22/7/2018,11888
en,bitcoin,23/7/2018,14140
en,bitcoin,24/7/2018,13519
en,bitcoin,25/7/2018,15289
en,bitcoin,26/7/2018,13985
en,bitcoin,27/7/2018,14782
en,bitcoin,28/7/2018,13087
en,bitcoin,29/7/2018,16289
en,bitcoin,30/7/2018,13657
en,bitcoin,31/7/2018,14920
en,bitcoin,1/8/2018,14337
en,bitcoin,2/8/2018,16057
en,bitcoin,3/8/2018,15321
en,bitcoin,4/8/2018,11585
en,bitcoin,5/8/2018,11833
en,bitcoin,6/8/2018,16669
en,bitcoin,7/8/2018,17544
en,bitcoin,8/8/2018,12867
en,bitcoin,9/8/2018,11084
en,bitcoin,10/8/2018,13629
en,bitcoin,11/8/2018,11869
en,bitcoin,12/8/2018,12065
en,bitcoin,13/8/2018,14328
en,bitcoin,14/8/2018,14544
en,bitcoin,15/8/2018,15421
en,bitcoin,16/8/2018,14026
en,bitcoin,17/8/2018,13047
en,bitcoin,18/8/2018,13778
en,bitcoin,19/8/2018,14376
en,bitcoin,20/8/2018,13293
en,bitcoin,21/8/2018,13831
en,bitcoin,22/8/2018,14191
en,bitcoin,23/8/2018,13674
en,bitcoin,24/8/2018,14352
en,bitcoin,25/8/2018,13281
en,bitcoin,26/8/2018,12213
en,bitcoin,27/8/2018,15071
en,bitcoin,28/8/2018,13951
en,bitcoin,29/8/2018,14267
en,bitcoin,30/8/2018,15138
en,bitcoin,31/8/2018,13025
en,bitcoin,1/9/2018,11844
en,bitcoin,2/9/2018,13971
en,bitcoin,3/9/2018,15414
en,bitcoin,4/9/2018,14233
en,bitcoin,5/9/2018,14952
en,bitcoin,6/9/2018,15477
en,bitcoin,7/9/2018,13667
en,bitcoin,8/9/2018,12148
en,bitcoin,9/9/2018,13335
en,bitcoin,10/9/2018,15001
en,bitcoin,11/9/2018,11421
en,bitcoin,12/9/2018,11472
en,bitcoin,13/9/2018,12668
en,bitcoin,14/9/2018,12172
en,bitcoin,15/9/2018,11658
en,bitcoin,16/9/2018,12821
en,bitcoin,17/9/2018,18717
en,bitcoin,18/9/2018,15946
en,bitcoin,19/9/2018,13984
en,bitcoin,20/9/2018,13592
en,bitcoin,21/9/2018,13441
en,bitcoin,22/9/2018,12217
en,bitcoin,23/9/2018,14821
en,bitcoin,24/9/2018,16754
en,bitcoin,25/9/2018,14040
en,bitcoin,26/9/2018,12978
en,bitcoin,27/9/2018,11624
en,bitcoin,28/9/2018,11343
en,bitcoin,29/9/2018,10493
en,bitcoin,30/9/2018,10682
en,bitcoin,1/10/2018,10848
en,bitcoin,2/10/2018,11253
en,bitcoin,3/10/2018,10250
en,bitcoin,4/10/2018,9920
en,bitcoin,5/10/2018,9347
en,bitcoin,6/10/2018,8459
en,bitcoin,7/10/2018,8477
en,bitcoin,8/10/2018,11369
en,bitcoin,9/10/2018,13476
en,bitcoin,10/10/2018,10393
en,bitcoin,11/10/2018,9752
en,bitcoin,12/10/2018,9496
en,bitcoin,13/10/2018,8159
en,bitcoin,14/10/2018,9344
en,bitcoin,15/10/2018,10758
en,bitcoin,16/10/2018,10329
en,bitcoin,17/10/2018,9670
en,bitcoin,18/10/2018,10296
en,bitcoin,19/10/2018,12807
en,bitcoin,20/10/2018,12124
en,bitcoin,21/10/2018,15287
en,bitcoin,22/10/2018,11669
en,bitcoin,23/10/2018,10690
en,bitcoin,24/10/2018,11022
en,bitcoin,25/10/2018,10190
en,bitcoin,26/10/2018,9548
en,bitcoin,27/10/2018,9565
en,bitcoin,28/10/2018,8465
en,bitcoin,29/10/2018,11526
en,bitcoin,30/10/2018,12133
en,bitcoin,31/10/2018,13063
en,bitcoin,1/11/2018,13454
en,bitcoin,2/11/2018,14259
en,bitcoin,3/11/2018,13608
en,bitcoin,4/11/2018,11189
en,bitcoin,5/11/2018,12558
en,bitcoin,6/11/2018,12848
en,bitcoin,7/11/2018,11171
en,bitcoin,8/11/2018,17005
en,bitcoin,9/11/2018,15740
en,bitcoin,10/11/2018,11746
en,bitcoin,11/11/2018,14566
en,bitcoin,12/11/2018,13431
en,bitcoin,13/11/2018,12792
en,bitcoin,14/11/2018,12683
en,bitcoin,15/11/2018,12021
en,bitcoin,16/11/2018,10333
en,bitcoin,17/11/2018,10163
en,bitcoin,18/11/2018,10186
en,bitcoin,19/11/2018,13428
en,bitcoin,20/11/2018,14612
en,bitcoin,21/11/2018,13971
en,bitcoin,22/11/2018,11935
en,bitcoin,23/11/2018,11355
en,bitcoin,24/11/2018,10062
en,bitcoin,25/11/2018,11375
en,bitcoin,26/11/2018,13860
en,bitcoin,27/11/2018,15200
en,bitcoin,28/11/2018,12686
en,bitcoin,29/11/2018,12709
en,bitcoin,30/11/2018,14422
en,bitcoin,1/12/2018,10083
en,bitcoin,2/12/2018,10695
en,bitcoin,3/12/2018,12294
en,bitcoin,4/12/2018,13226
en,bitcoin,5/12/2018,12290
en,bitcoin,6/12/2018,11920
en,bitcoin,7/12/2018,12019
en,bitcoin,8/12/2018,10178
en,bitcoin,9/12/2018,10294
en,bitcoin,10/12/2018,11433
en,bitcoin,11/12/2018,11401
en,bitcoin,12/12/2018,11912
en,bitcoin,13/12/2018,13069
en,bitcoin,14/12/2018,13937
en,bitcoin,15/12/2018,9154
en,bitcoin,16/12/2018,9462
en,bitcoin,17/12/2018,12584
en,bitcoin,18/12/2018,12447
en,bitcoin,19/12/2018,10893
en,bitcoin,20/12/2018,12461
en,bitcoin,21/12/2018,12817
en,bitcoin,22/12/2018,10507
en,bitcoin,23/12/2018,9330
en,bitcoin,24/12/2018,9452
en,bitcoin,25/12/2018,9181
en,bitcoin,26/12/2018,10859
en,bitcoin,27/12/2018,11794
en,bitcoin,28/12/2018,11423
en,bitcoin,29/12/2018,11545
en,bitcoin,30/12/2018,9079
en,bitcoin,31/12/2018,9707
en,bitcoin,1/1/2019,9676
en,bitcoin,2/1/2019,11193
en,bitcoin,3/1/2019,20217
en,bitcoin,4/1/2019,12983
en,bitcoin,5/1/2019,11166
en,bitcoin,6/1/2019,10823
en,bitcoin,7/1/2019,11844
en,bitcoin,8/1/2019,11247
en,bitcoin,9/1/2019,11613
en,bitcoin,10/1/2019,11469
en,bitcoin,11/1/2019,11253
en,bitcoin,12/1/2019,9969
en,bitcoin,13/1/2019,10447
en,bitcoin,14/1/2019,10517
en,bitcoin,15/1/2019,8976
en,bitcoin,16/1/2019,8694
en,bitcoin,17/1/2019,8474
en,bitcoin,18/1/2019,9388
en,bitcoin,19/1/2019,7062
en,bitcoin,20/1/2019,6958
en,bitcoin,21/1/2019,8011
en,bitcoin,22/1/2019,8145
en,bitcoin,23/1/2019,8351
en,bitcoin,24/1/2019,9591
en,bitcoin,25/1/2019,8612
en,bitcoin,26/1/2019,8095
en,bitcoin,27/1/2019,8167
en,bitcoin,28/1/2019,8591
en,bitcoin,29/1/2019,8870
en,bitcoin,30/1/2019,9138
en,bitcoin,31/1/2019,8877
en,bitcoin,1/2/2019,9183
en,bitcoin,2/2/2019,8044
en,bitcoin,3/2/2019,7533
en,bitcoin,4/2/2019,9227
en,bitcoin,5/2/2019,14043
en,bitcoin,6/2/2019,11497
en,bitcoin,7/2/2019,10628
en,bitcoin,8/2/2019,9212
en,bitcoin,9/2/2019,8208
en,bitcoin,10/2/2019,7960
en,bitcoin,11/2/2019,9192
en,bitcoin,12/2/2019,9366
en,bitcoin,13/2/2019,9619
en,bitcoin,14/2/2019,8574
en,bitcoin,15/2/2019,8567
en,bitcoin,16/2/2019,8364
en,bitcoin,17/2/2019,10731
en,bitcoin,18/2/2019,9619
en,bitcoin,19/2/2019,10199
en,bitcoin,20/2/2019,10410
en,bitcoin,21/2/2019,10148
en,bitcoin,22/2/2019,9719
en,bitcoin,23/2/2019,8850
en,bitcoin,24/2/2019,9956
en,bitcoin,25/2/2019,10287
en,bitcoin,26/2/2019,10243
en,bitcoin,27/2/2019,9925
en,bitcoin,28/2/2019,15021
en,bitcoin,1/3/2019,10709
en,bitcoin,2/3/2019,8918
en,bitcoin,3/3/2019,8919
en,bitcoin,4/3/2019,9968
en,bitcoin,5/3/2019,10197
en,bitcoin,6/3/2019,10467
en,bitcoin,7/3/2019,9796
en,bitcoin,8/3/2019,8394
en,bitcoin,9/3/2019,7519
en,bitcoin,10/3/2019,7915
en,bitcoin,11/3/2019,8774
en,bitcoin,12/3/2019,12521
en,bitcoin,13/3/2019,8739
en,bitcoin,14/3/2019,8334
en,bitcoin,15/3/2019,7756
en,bitcoin,16/3/2019,6987
en,bitcoin,17/3/2019,7255
en,bitcoin,18/3/2019,8668
en,bitcoin,19/3/2019,8453
en,bitcoin,20/3/2019,8187
en,bitcoin,21/3/2019,7746
en,bitcoin,22/3/2019,7275
en,bitcoin,23/3/2019,6576
en,bitcoin,24/3/2019,6248
en,bitcoin,25/3/2019,6904
en,bitcoin,26/3/2019,7696
en,bitcoin,27/3/2019,7770
en,bitcoin,28/3/2019,7251
en,bitcoin,29/3/2019,6807
en,bitcoin,30/3/2019,6002
en,bitcoin,31/3/2019,6406
en,bitcoin,1/4/2019,7923
en,bitcoin,2/4/2019,12906
en,bitcoin,3/4/2019,14671
en,bitcoin,4/4/2019,10242
en,bitcoin,5/4/2019,8525
en,bitcoin,6/4/2019,7347
en,bitcoin,7/4/2019,7621
en,bitcoin,8/4/2019,9046
en,bitcoin,9/4/2019,9519
en,bitcoin,10/4/2019,10037
en,bitcoin,11/4/2019,8324
en,bitcoin,12/4/2019,7741
en,bitcoin,13/4/2019,6672
en,bitcoin,14/4/2019,6367
en,bitcoin,15/4/2019,8123
en,bitcoin,16/4/2019,7416
en,bitcoin,17/4/2019,7646
en,bitcoin,18/4/2019,7431
en,bitcoin,19/4/2019,7209
en,bitcoin,20/4/2019,7255
en,bitcoin,21/4/2019,7837
en,bitcoin,22/4/2019,7701
en,bitcoin,23/4/2019,7817
en,bitcoin,24/4/2019,8272
en,bitcoin,25/4/2019,7258
en,bitcoin,26/4/2019,7138
en,bitcoin,27/4/2019,6549
en,bitcoin,28/4/2019,6502
en,bitcoin,29/4/2019,8234
en,bitcoin,30/4/2019,8157
en,bitcoin,1/5/2019,7408
en,bitcoin,2/5/2019,7391
en,bitcoin,3/5/2019,8298
en,bitcoin,4/5/2019,7013
en,bitcoin,5/5/2019,6633
en,bitcoin,6/5/2019,7396
en,bitcoin,7/5/2019,7638
en,bitcoin,8/5/2019,8422
en,bitcoin,9/5/2019,9131
en,bitcoin,10/5/2019,7655
en,bitcoin,11/5/2019,7513
en,bitcoin,12/5/2019,7325
en,bitcoin,13/5/2019,8766
en,bitcoin,14/5/2019,10756
en,bitcoin,15/5/2019,9584
en,bitcoin,16/5/2019,9545
en,bitcoin,17/5/2019,9703
en,bitcoin,18/5/2019,11387
en,bitcoin,19/5/2019,14720
en,bitcoin,20/5/2019,15078
en,bitcoin,21/5/2019,11479
en,bitcoin,22/5/2019,12220
en,bitcoin,23/5/2019,11565
en,bitcoin,24/5/2019,10444
en,bitcoin,25/5/2019,9914
en,bitcoin,26/5/2019,11079
en,bitcoin,27/5/2019,12977
en,bitcoin,28/5/2019,13378
en,bitcoin,29/5/2019,13223
en,bitcoin,30/5/2019,12769
en,bitcoin,31/5/2019,11243
en,bitcoin,1/6/2019,9355
en,bitcoin,2/6/2019,6497
en,bitcoin,3/6/2019,7731
en,bitcoin,4/6/2019,7753
en,bitcoin,5/6/2019,7024
en,bitcoin,6/6/2019,7074
en,bitcoin,7/6/2019,7654
en,bitcoin,8/6/2019,6597
en,bitcoin,9/6/2019,6339
en,bitcoin,10/6/2019,7433
en,bitcoin,11/6/2019,8418
en,bitcoin,12/6/2019,7859
en,bitcoin,13/6/2019,8052
en,bitcoin,14/6/2019,9265
en,bitcoin,15/6/2019,6859
en,bitcoin,16/6/2019,8291
en,bitcoin,17/6/2019,9322
en,bitcoin,18/6/2019,11494
en,bitcoin,19/6/2019,10513
en,bitcoin,20/6/2019,9918
en,bitcoin,21/6/2019,9006
en,bitcoin,22/6/2019,10538
en,bitcoin,23/6/2019,10583
en,bitcoin,24/6/2019,11124
en,bitcoin,25/6/2019,11163
en,bitcoin,26/6/2019,16315
en,bitcoin,27/6/2019,18084
en,bitcoin,28/6/2019,19644
en,bitcoin,29/6/2019,8978
en,bitcoin,30/6/2019,10201
en,bitcoin,1/7/2019,11138
en,bitcoin,2/7/2019,11661
en,bitcoin,3/7/2019,13438
en,bitcoin,4/7/2019,9155
en,bitcoin,5/7/2019,8943
en,bitcoin,6/7/2019,7826
en,bitcoin,7/7/2019,8162
en,bitcoin,8/7/2019,10238
en,bitcoin,9/7/2019,11492
en,bitcoin,10/7/2019,13874
en,bitcoin,11/7/2019,10908
en,bitcoin,12/7/2019,12683
en,bitcoin,13/7/2019,8949
en,bitcoin,14/7/2019,8588
en,bitcoin,15/7/2019,9850
en,bitcoin,16/7/2019,9965
en,bitcoin,17/7/2019,9947
en,bitcoin,18/7/2019,10132
en,bitcoin,19/7/2019,10284
en,bitcoin,20/7/2019,8240
en,bitcoin,21/7/2019,8196
en,bitcoin,22/7/2019,8745
en,bitcoin,23/7/2019,8321
en,bitcoin,24/7/2019,8223
en,bitcoin,25/7/2019,8155
en,bitcoin,26/7/2019,7623
en,bitcoin,27/7/2019,7953
en,bitcoin,28/7/2019,7119
en,bitcoin,29/7/2019,9050
en,bitcoin,30/7/2019,9691
en,bitcoin,31/7/2019,11906
en,bitcoin,1/8/2019,8508
en,bitcoin,2/8/2019,7968
en,bitcoin,3/8/2019,9466
en,bitcoin,4/8/2019,6410
en,bitcoin,5/8/2019,8748
en,bitcoin,6/8/2019,9727
en,bitcoin,7/8/2019,9692
en,bitcoin,8/8/2019,9601
en,bitcoin,9/8/2019,8503
en,bitcoin,10/8/2019,7757
en,bitcoin,11/8/2019,7869
en,bitcoin,12/8/2019,7933
en,bitcoin,13/8/2019,8357
en,bitcoin,14/8/2019,9438
en,bitcoin,15/8/2019,8980
en,bitcoin,16/8/2019,8300
en,bitcoin,17/8/2019,8097
en,bitcoin,18/8/2019,9134
en,bitcoin,19/8/2019,9348
en,bitcoin,20/8/2019,8536
en,bitcoin,21/8/2019,8136
en,bitcoin,22/8/2019,7563
en,bitcoin,23/8/2019,8273
en,bitcoin,24/8/2019,5862
en,bitcoin,25/8/2019,6531
en,bitcoin,26/8/2019,8038
en,bitcoin,27/8/2019,9235
en,bitcoin,28/8/2019,10145
en,bitcoin,29/8/2019,7857
en,bitcoin,30/8/2019,6776
en,bitcoin,31/8/2019,7014
en,bitcoin,1/9/2019,6671
en,bitcoin,2/9/2019,7264
en,bitcoin,3/9/2019,7550
en,bitcoin,4/9/2019,7677
en,bitcoin,5/9/2019,7530
en,bitcoin,6/9/2019,6277
en,bitcoin,7/9/2019,6071
en,bitcoin,8/9/2019,6738
en,bitcoin,9/9/2019,7487
en,bitcoin,10/9/2019,7913
en,bitcoin,11/9/2019,8081
en,bitcoin,12/9/2019,7432
en,bitcoin,13/9/2019,10836
en,bitcoin,14/9/2019,8077
en,bitcoin,15/9/2019,6781
en,bitcoin,16/9/2019,8014
en,bitcoin,17/9/2019,8180
en,bitcoin,18/9/2019,8490
en,bitcoin,19/9/2019,8665
en,bitcoin,20/9/2019,8599
en,bitcoin,21/9/2019,6759
en,bitcoin,22/9/2019,8513
en,bitcoin,23/9/2019,8914
en,bitcoin,24/9/2019,11013
en,bitcoin,25/9/2019,23376
en,bitcoin,26/9/2019,9005
en,bitcoin,27/9/2019,8280
en,bitcoin,28/9/2019,6377
en,bitcoin,29/9/2019,6266
en,bitcoin,30/9/2019,7196
en,bitcoin,1/10/2019,7453
en,bitcoin,2/10/2019,7937
en,bitcoin,3/10/2019,7961
en,bitcoin,4/10/2019,7372
en,bitcoin,5/10/2019,7186
en,bitcoin,6/10/2019,6779
en,bitcoin,7/10/2019,8177
en,bitcoin,8/10/2019,7463
en,bitcoin,9/10/2019,6983
en,bitcoin,10/10/2019,6958
en,bitcoin,11/10/2019,7344
en,bitcoin,12/10/2019,7142
en,bitcoin,13/10/2019,7127
en,bitcoin,14/10/2019,9569
en,bitcoin,15/10/2019,8124
en,bitcoin,16/10/2019,8462
en,bitcoin,17/10/2019,9729
en,bitcoin,18/10/2019,8385
en,bitcoin,19/10/2019,7198
en,bitcoin,20/10/2019,7117
en,bitcoin,21/10/2019,7462
en,bitcoin,22/10/2019,7527
en,bitcoin,23/10/2019,8352
en,bitcoin,24/10/2019,8206
en,bitcoin,25/10/2019,7036
en,bitcoin,26/10/2019,7848
en,bitcoin,27/10/2019,7402
en,bitcoin,28/10/2019,8355
en,bitcoin,29/10/2019,8884
en,bitcoin,30/10/2019,8848
en,bitcoin,31/10/2019,19983
en,bitcoin,1/11/2019,8539
en,bitcoin,2/11/2019,8788
en,bitcoin,3/11/2019,7062
en,bitcoin,4/11/2019,8765
en,bitcoin,5/11/2019,9747
en,bitcoin,6/11/2019,11635
en,bitcoin,7/11/2019,9253
en,bitcoin,8/11/2019,9213
en,bitcoin,9/11/2019,6855
en,bitcoin,10/11/2019,7263
en,bitcoin,11/11/2019,8988
en,bitcoin,12/11/2019,9315
en,bitcoin,13/11/2019,9331
en,bitcoin,14/11/2019,8279
en,bitcoin,15/11/2019,7719
en,bitcoin,16/11/2019,6417
en,bitcoin,17/11/2019,6773
en,bitcoin,18/11/2019,7553
en,bitcoin,19/11/2019,8594
en,bitcoin,20/11/2019,7722
en,bitcoin,21/11/2019,7402
en,bitcoin,22/11/2019,7155
en,bitcoin,23/11/2019,5990
en,bitcoin,24/11/2019,8398
en,bitcoin,25/11/2019,8941
en,bitcoin,26/11/2019,7814
en,bitcoin,27/11/2019,8072
en,bitcoin,28/11/2019,7978
en,bitcoin,29/11/2019,11603
en,bitcoin,30/11/2019,7643
en,bitcoin,1/12/2019,7253
en,bitcoin,2/12/2019,7404
en,bitcoin,3/12/2019,7635
en,bitcoin,4/12/2019,9125
en,bitcoin,5/12/2019,8487
en,bitcoin,6/12/2019,8289
en,bitcoin,7/12/2019,7020
en,bitcoin,8/12/2019,7182
en,bitcoin,9/12/2019,6620
en,bitcoin,10/12/2019,8299
en,bitcoin,11/12/2019,8885
en,bitcoin,12/12/2019,8514
en,bitcoin,13/12/2019,8599
en,bitcoin,14/12/2019,6166
en,bitcoin,15/12/2019,6070
en,bitcoin,16/12/2019,8344
en,bitcoin,17/12/2019,8492
en,bitcoin,18/12/2019,10107
en,bitcoin,19/12/2019,9071
en,bitcoin,20/12/2019,10616
en,bitcoin,21/12/2019,4843
en,bitcoin,22/12/2019,6510
en,bitcoin,23/12/2019,6664
en,bitcoin,24/12/2019,11748
en,bitcoin,25/12/2019,13841
en,bitcoin,26/12/2019,10193
en,bitcoin,27/12/2019,7906
en,bitcoin,28/12/2019,6653
en,bitcoin,29/12/2019,6290
en,bitcoin,30/12/2019,9696
en,bitcoin,31/12/2019,11495
en,bitcoin,1/1/2020,12716
en,bitcoin,2/1/2020,12265
en,bitcoin,3/1/2020,15018
en,bitcoin,4/1/2020,8099
en,bitcoin,5/1/2020,6024
en,bitcoin,6/1/2020,8450
en,bitcoin,7/1/2020,15005
en,bitcoin,8/1/2020,14892
en,bitcoin,9/1/2020,16008
en,bitcoin,10/1/2020,12923
en,bitcoin,11/1/2020,7131
en,bitcoin,12/1/2020,15858
en,bitcoin,13/1/2020,16539
en,bitcoin,14/1/2020,17602
en,bitcoin,15/1/2020,16450
en,bitcoin,16/1/2020,7114
en,bitcoin,17/1/2020,6076
en,bitcoin,18/1/2020,7405
en,bitcoin,19/1/2020,5926
en,bitcoin,20/1/2020,6055
en,bitcoin,21/1/2020,6343
en,bitcoin,22/1/2020,6807
en,bitcoin,23/1/2020,6236
en,bitcoin,24/1/2020,5847
en,bitcoin,25/1/2020,5058
en,bitcoin,26/1/2020,4781
en,bitcoin,27/1/2020,5561
en,bitcoin,28/1/2020,6187
en,bitcoin,29/1/2020,5904
en,bitcoin,30/1/2020,6149
en,bitcoin,31/1/2020,5802
en,bitcoin,1/2/2020,4979
en,bitcoin,2/2/2020,5268
en,bitcoin,3/2/2020,5324
en,bitcoin,4/2/2020,5800
en,bitcoin,5/2/2020,6282
en,bitcoin,6/2/2020,6024
en,bitcoin,7/2/2020,6100
en,bitcoin,8/2/2020,6136
en,bitcoin,9/2/2020,6815
en,bitcoin,10/2/2020,6760
en,bitcoin,11/2/2020,7850
en,bitcoin,12/2/2020,7157
en,bitcoin,13/2/2020,7236
en,bitcoin,14/2/2020,5676
en,bitcoin,15/2/2020,5526
en,bitcoin,16/2/2020,5675
en,bitcoin,17/2/2020,6425
en,bitcoin,18/2/2020,6467
en,bitcoin,19/2/2020,14975
en,bitcoin,20/2/2020,8107
en,bitcoin,21/2/2020,8065
en,bitcoin,22/2/2020,6544
en,bitcoin,23/2/2020,6111
en,bitcoin,24/2/2020,7149
en,bitcoin,25/2/2020,6576
en,bitcoin,26/2/2020,6459
en,bitcoin,27/2/2020,6707
en,bitcoin,28/2/2020,6434
en,bitcoin,29/2/2020,5348
en,bitcoin,1/3/2020,6902
en,bitcoin,2/3/2020,6572
en,bitcoin,3/3/2020,7543
en,bitcoin,4/3/2020,7554
en,bitcoin,5/3/2020,7666
en,bitcoin,6/3/2020,6754
en,bitcoin,7/3/2020,5541
en,bitcoin,8/3/2020,5332
en,bitcoin,9/3/2020,7397
en,bitcoin,10/3/2020,7188
en,bitcoin,11/3/2020,6614
en,bitcoin,12/3/2020,8281
en,bitcoin,13/3/2020,9562
en,bitcoin,14/3/2020,6505
en,bitcoin,15/3/2020,6228
en,bitcoin,16/3/2020,7018
en,bitcoin,17/3/2020,6889
en,bitcoin,18/3/2020,6672
en,bitcoin,19/3/2020,6983
en,bitcoin,20/3/2020,6418
en,bitcoin,21/3/2020,5856
en,bitcoin,22/3/2020,5781
en,bitcoin,23/3/2020,5902
en,bitcoin,24/3/2020,6507
en,bitcoin,25/3/2020,6777
en,bitcoin,26/3/2020,6493
en,bitcoin,27/3/2020,6331
en,bitcoin,28/3/2020,5868
en,bitcoin,29/3/2020,5861
en,bitcoin,30/3/2020,6489
en,bitcoin,31/3/2020,6428
en,bitcoin,1/4/2020,8179
en,bitcoin,2/4/2020,7492
en,bitcoin,3/4/2020,8155
en,bitcoin,4/4/2020,7223
en,bitcoin,5/4/2020,6686
en,bitcoin,6/4/2020,6912
en,bitcoin,7/4/2020,7291
en,bitcoin,8/4/2020,7040
en,bitcoin,9/4/2020,6963
en,bitcoin,10/4/2020,7025
en,bitcoin,11/4/2020,7014
en,bitcoin,12/4/2020,6944
en,bitcoin,13/4/2020,7919
en,bitcoin,14/4/2020,7586
en,bitcoin,15/4/2020,7349
en,bitcoin,16/4/2020,7570
en,bitcoin,17/4/2020,8304
en,bitcoin,18/4/2020,7660
en,bitcoin,19/4/2020,7748
en,bitcoin,20/4/2020,7923
en,bitcoin,21/4/2020,8177
en,bitcoin,22/4/2020,7908
en,bitcoin,23/4/2020,8377
en,bitcoin,24/4/2020,7954
en,bitcoin,25/4/2020,7881
en,bitcoin,26/4/2020,8763
en,bitcoin,27/4/2020,9113
en,bitcoin,28/4/2020,8978
en,bitcoin,29/4/2020,9876
en,bitcoin,30/4/2020,11380
en,bitcoin,1/5/2020,9218
en,bitcoin,2/5/2020,9155
en,bitcoin,3/5/2020,8902
en,bitcoin,4/5/2020,9190
en,bitcoin,5/5/2020,9652
en,bitcoin,6/5/2020,10397
en,bitcoin,7/5/2020,9622
en,bitcoin,8/5/2020,11682
en,bitcoin,9/5/2020,8841
en,bitcoin,10/5/2020,9887
en,bitcoin,11/5/2020,12137
en,bitcoin,12/5/2020,17241
en,bitcoin,13/5/2020,9328
en,bitcoin,14/5/2020,9072
en,bitcoin,15/5/2020,8980
en,bitcoin,16/5/2020,8432
en,bitcoin,17/5/2020,8609
en,bitcoin,18/5/2020,9317
en,bitcoin,19/5/2020,8274
en,bitcoin,20/5/2020,8888
en,bitcoin,21/5/2020,8568
en,bitcoin,22/5/2020,7566
en,bitcoin,23/5/2020,7046
en,bitcoin,24/5/2020,6879
en,bitcoin,25/5/2020,7548
en,bitcoin,26/5/2020,8218
en,bitcoin,27/5/2020,7377
en,bitcoin,28/5/2020,6751
en,bitcoin,29/5/2020,7536
en,bitcoin,30/5/2020,6458
en,bitcoin,31/5/2020,6123
en,bitcoin,1/6/2020,6294
en,bitcoin,2/6/2020,7213
en,bitcoin,3/6/2020,6680
en,bitcoin,4/6/2020,6721
en,bitcoin,5/6/2020,6924
en,bitcoin,6/6/2020,5989
en,bitcoin,7/6/2020,6859
en,bitcoin,8/6/2020,7108
en,bitcoin,9/6/2020,6859
en,bitcoin,10/6/2020,7010
en,bitcoin,11/6/2020,6831
en,bitcoin,12/6/2020,6579
en,bitcoin,13/6/2020,5793
en,bitcoin,14/6/2020,5857
en,bitcoin,15/6/2020,6219
en,bitcoin,16/6/2020,5829
en,bitcoin,17/6/2020,6120
en,bitcoin,18/6/2020,6340
en,bitcoin,19/6/2020,5849
en,bitcoin,20/6/2020,5842
en,bitcoin,21/6/2020,5773
en,bitcoin,22/6/2020,6467
en,bitcoin,23/6/2020,6693
en,bitcoin,24/6/2020,5974
en,bitcoin,25/6/2020,5841
en,bitcoin,26/6/2020,6051
en,bitcoin,27/6/2020,5447
en,bitcoin,28/6/2020,5774
en,bitcoin,29/6/2020,5786
en,bitcoin,30/6/2020,6301
en,bitcoin,1/7/2020,6932
en,bitcoin,2/7/2020,5969
en,bitcoin,3/7/2020,5866
en,bitcoin,4/7/2020,5377
en,bitcoin,5/7/2020,5292
en,bitcoin,6/7/2020,5978
en,bitcoin,7/7/2020,6579
en,bitcoin,8/7/2020,6785
en,bitcoin,9/7/2020,6907
en,bitcoin,10/7/2020,6304
en,bitcoin,11/7/2020,5994
en,bitcoin,12/7/2020,7269
en,bitcoin,13/7/2020,8150
en,bitcoin,14/7/2020,10336
en,bitcoin,15/7/2020,12225
en,bitcoin,16/7/2020,16964
en,bitcoin,17/7/2020,17078
en,bitcoin,18/7/2020,13425
en,bitcoin,19/7/2020,13702
en,bitcoin,20/7/2020,13855
en,bitcoin,21/7/2020,14370
en,bitcoin,22/7/2020,19095
en,bitcoin,23/7/2020,22765
en,bitcoin,24/7/2020,11893
en,bitcoin,25/7/2020,13391
en,bitcoin,26/7/2020,13741
en,bitcoin,27/7/2020,17750
en,bitcoin,28/7/2020,18046
en,bitcoin,29/7/2020,14763
en,bitcoin,30/7/2020,26990
en,bitcoin,31/7/2020,12600
en,bitcoin,1/8/2020,13248
en,bitcoin,2/8/2020,13353
en,bitcoin,3/8/2020,13660
en,bitcoin,4/8/2020,15395
en,bitcoin,5/8/2020,28791
en,bitcoin,6/8/2020,12592
en,bitcoin,7/8/2020,11651
en,bitcoin,8/8/2020,11690
en,bitcoin,9/8/2020,11631
en,bitcoin,10/8/2020,14518
en,bitcoin,11/8/2020,19020
en,bitcoin,12/8/2020,7876
en,bitcoin,13/8/2020,10887
en,bitcoin,14/8/2020,9255
en,bitcoin,15/8/2020,11138
en,bitcoin,16/8/2020,25458
en,bitcoin,17/8/2020,17640
en,bitcoin,18/8/2020,8281
en,bitcoin,19/8/2020,8295
en,bitcoin,20/8/2020,9695
en,bitcoin,21/8/2020,15514
en,bitcoin,22/8/2020,7763
en,bitcoin,23/8/2020,14765
en,bitcoin,24/8/2020,8083
en,bitcoin,25/8/2020,11592
en,bitcoin,26/8/2020,8517
en,bitcoin,27/8/2020,16138
en,bitcoin,28/8/2020,8093
en,bitcoin,29/8/2020,6712
en,bitcoin,30/8/2020,6355
en,bitcoin,31/8/2020,14344
en,bitcoin,1/9/2020,7559
en,bitcoin,2/9/2020,8578
en,bitcoin,3/9/2020,8456
en,bitcoin,4/9/2020,7569
en,bitcoin,5/9/2020,6546
en,bitcoin,6/9/2020,13428
en,bitcoin,7/9/2020,9377
en,bitcoin,8/9/2020,13005
en,bitcoin,9/9/2020,9108
en,bitcoin,10/9/2020,11849
en,bitcoin,11/9/2020,17333
en,bitcoin,12/9/2020,10528
en,bitcoin,13/9/2020,11313
en,bitcoin,14/9/2020,11619
en,bitcoin,15/9/2020,12835
en,bitcoin,16/9/2020,10430
en,bitcoin,17/9/2020,7969
en,bitcoin,18/9/2020,9750
en,bitcoin,19/9/2020,9085
en,bitcoin,20/9/2020,9280
en,bitcoin,21/9/2020,7271
en,bitcoin,22/9/2020,6860
en,bitcoin,23/9/2020,11125
en,bitcoin,24/9/2020,6561
en,bitcoin,25/9/2020,7189
en,bitcoin,26/9/2020,7026
en,bitcoin,27/9/2020,6598
en,bitcoin,28/9/2020,11676
en,bitcoin,29/9/2020,8401
en,bitcoin,30/9/2020,8170
en,bitcoin,1/10/2020,9502
en,bitcoin,2/10/2020,5670
en,bitcoin,3/10/2020,6717
en,bitcoin,4/10/2020,5612
en,bitcoin,5/10/2020,7821
en,bitcoin,6/10/2020,7376
en,bitcoin,7/10/2020,7584
en,bitcoin,8/10/2020,7652
en,bitcoin,9/10/2020,7932
en,bitcoin,10/10/2020,10673
en,bitcoin,11/10/2020,8588
en,bitcoin,12/10/2020,10884
en,bitcoin,13/10/2020,10722
en,bitcoin,14/10/2020,7511
en,bitcoin,15/10/2020,10117
en,bitcoin,16/10/2020,9261
en,bitcoin,17/10/2020,28224
en,bitcoin,18/10/2020,6860
en,bitcoin,19/10/2020,10637
en,bitcoin,20/10/2020,11878
en,bitcoin,21/10/2020,10608
en,bitcoin,22/10/2020,11252
en,bitcoin,23/10/2020,13494
en,bitcoin,24/10/2020,19937
en,bitcoin,25/10/2020,8772
en,bitcoin,26/10/2020,9594
en,bitcoin,27/10/2020,8752
en,bitcoin,28/10/2020,8566
en,bitcoin,29/10/2020,7285
en,bitcoin,30/10/2020,10028
en,bitcoin,31/10/2020,9982
en,bitcoin,1/11/2020,8993
en,bitcoin,2/11/2020,9019
en,bitcoin,3/11/2020,9501
en,bitcoin,4/11/2020,8224
en,bitcoin,5/11/2020,10395
en,bitcoin,6/11/2020,11423
en,bitcoin,7/11/2020,9263
en,bitcoin,8/11/2020,7229
en,bitcoin,9/11/2020,9298
en,bitcoin,10/11/2020,8692
en,bitcoin,11/11/2020,9380
en,bitcoin,12/11/2020,10044
en,bitcoin,13/11/2020,10926
en,bitcoin,14/11/2020,9428
en,bitcoin,15/11/2020,9276
en,bitcoin,16/11/2020,10425
en,bitcoin,17/11/2020,17191
en,bitcoin,18/11/2020,19164
en,bitcoin,19/11/2020,17667
en,bitcoin,20/11/2020,18066
en,bitcoin,21/11/2020,18333
en,bitcoin,22/11/2020,17692
en,bitcoin,23/11/2020,19127
en,bitcoin,24/11/2020,14116
en,bitcoin,25/11/2020,12449
en,bitcoin,26/11/2020,13510
en,bitcoin,27/11/2020,12069
en,bitcoin,28/11/2020,9834
en,bitcoin,29/11/2020,9760
en,bitcoin,30/11/2020,14326
en,bitcoin,1/12/2020,15703
en,bitcoin,2/12/2020,12413
en,bitcoin,3/12/2020,12568
en,bitcoin,4/12/2020,11886
en,bitcoin,5/12/2020,10797
en,bitcoin,6/12/2020,10989
en,bitcoin,7/12/2020,11279
en,bitcoin,8/12/2020,10711
en,bitcoin,9/12/2020,10818
en,bitcoin,10/12/2020,12504
en,bitcoin,11/12/2020,17353
en,bitcoin,12/12/2020,12187
en,bitcoin,13/12/2020,11480
en,bitcoin,14/12/2020,9489
en,bitcoin,15/12/2020,9097
